{"level":"error","message":"🔥 Uncaught Exception: socketService is not defined","service":"kiosk-backend","stack":"ReferenceError: socketService is not defined\n    at Namespace.<anonymous> (C:\\Users\\LENOVO\\Desktop\\airport-kiosk-system3\\Kiosk_Backend\\services\\socketService.js:14:7)\n    at Namespace.emit (node:events:529:35)\n    at Namespace.emitReserved (C:\\Users\\LENOVO\\Desktop\\airport-kiosk-system3\\Kiosk_Backend\\node_modules\\socket.io\\dist\\typed-events.js:56:22)\n    at Namespace._doConnect (C:\\Users\\LENOVO\\Desktop\\airport-kiosk-system3\\Kiosk_Backend\\node_modules\\socket.io\\dist\\namespace.js:276:14)\n    at C:\\Users\\LENOVO\\Desktop\\airport-kiosk-system3\\Kiosk_Backend\\node_modules\\socket.io\\dist\\namespace.js:238:22\n    at process.processTicksAndRejections (node:internal/process/task_queues:77:11)","timestamp":"2025-12-04 13:11:50"}
{"level":"error","message":"❌ Error sending kiosk status: timeout of 5000ms exceeded","service":"kiosk-backend","timestamp":"2025-12-04 13:24:28"}
{"level":"error","message":"❌ Cannot connect to central server: http://localhost:7000","service":"kiosk-backend","timestamp":"2025-12-04 17:07:32"}
{"level":"error","message":"❌ Error sending kiosk status: timeout of 5000ms exceeded","service":"kiosk-backend","timestamp":"2025-12-04 17:10:02"}
{"level":"error","message":"❌ Error sending kiosk status: timeout of 5000ms exceeded","service":"kiosk-backend","timestamp":"2025-12-04 17:10:12"}
{"level":"error","message":"❌ Error sending kiosk status: timeout of 5000ms exceeded","service":"kiosk-backend","timestamp":"2025-12-04 17:20:13"}
{"level":"error","message":"❌ Error sending kiosk status: timeout of 5000ms exceeded","service":"kiosk-backend","timestamp":"2025-12-04 17:22:11"}
{"level":"error","message":"❌ Error sending kiosk status: timeout of 5000ms exceeded","service":"kiosk-backend","timestamp":"2025-12-04 17:22:27"}
{"level":"error","message":"❌ Error sending kiosk status: timeout of 5000ms exceeded","service":"kiosk-backend","timestamp":"2025-12-04 17:23:01"}
{"level":"error","message":"❌ Error sending kiosk status: timeout of 5000ms exceeded","service":"kiosk-backend","timestamp":"2025-12-04 17:26:32"}
{"level":"error","message":"❌ Error sending kiosk status: timeout of 5000ms exceeded","service":"kiosk-backend","timestamp":"2025-12-04 17:26:53"}
{"level":"error","message":"❌ Error sending kiosk status: timeout of 5000ms exceeded","service":"kiosk-backend","timestamp":"2025-12-04 17:27:16"}
{"level":"error","message":"❌ Error sending kiosk status: timeout of 5000ms exceeded","service":"kiosk-backend","timestamp":"2025-12-04 17:28:41"}
{"level":"error","message":"❌ Error sending kiosk status: timeout of 5000ms exceeded","service":"kiosk-backend","timestamp":"2025-12-04 17:32:24"}
{"level":"error","message":"❌ Error sending kiosk status: timeout of 5000ms exceeded","service":"kiosk-backend","timestamp":"2025-12-04 17:32:41"}
{"level":"error","message":"❌ Error sending kiosk status: timeout of 5000ms exceeded","service":"kiosk-backend","timestamp":"2025-12-04 17:38:03"}
{"level":"error","message":"❌ Error sending kiosk status: timeout of 5000ms exceeded","service":"kiosk-backend","timestamp":"2025-12-04 17:41:44"}
{"level":"error","message":"❌ Error sending kiosk status: timeout of 5000ms exceeded","service":"kiosk-backend","timestamp":"2025-12-04 17:43:41"}
{"level":"error","message":"❌ Error sending kiosk status: timeout of 5000ms exceeded","service":"kiosk-backend","timestamp":"2025-12-04 17:46:43"}
{"level":"error","message":"❌ Error sending kiosk status: timeout of 5000ms exceeded","service":"kiosk-backend","timestamp":"2025-12-04 17:49:53"}
{"level":"error","message":"❌ Error sending kiosk status: timeout of 5000ms exceeded","service":"kiosk-backend","timestamp":"2025-12-05 12:30:31"}
{"level":"error","message":"❌ Error sending kiosk status: timeout of 5000ms exceeded","service":"kiosk-backend","timestamp":"2025-12-05 13:47:28"}
{"level":"error","message":"❌ Error sending kiosk status: timeout of 5000ms exceeded","service":"kiosk-backend","timestamp":"2025-12-05 15:44:34"}
{"level":"error","message":"❌ Error sending kiosk status: timeout of 5000ms exceeded","service":"kiosk-backend","timestamp":"2025-12-05 15:44:51"}
{"level":"error","message":"❌ Error sending kiosk status: timeout of 5000ms exceeded","service":"kiosk-backend","timestamp":"2025-12-05 15:45:09"}
{"level":"error","message":"❌ Error sending kiosk status: timeout of 5000ms exceeded","service":"kiosk-backend","timestamp":"2025-12-05 15:45:37"}
{"level":"error","message":"❌ Error sending kiosk status: timeout of 5000ms exceeded","service":"kiosk-backend","timestamp":"2025-12-05 15:46:12"}
{"0":"T","1":"r","10":"(","100":"e","101":"n","102":"d","103":"\\","104":"d","105":"e","106":"p","107":"t","108":"h","109":"_","11":"m","110":"c","111":"a","112":"m","113":"e","114":"r","115":"a","116":"_","117":"j","118":"s","119":"o","12":"o","120":"n","121":".","122":"p","123":"y","124":"\"","125":",","126":" ","127":"l","128":"i","129":"n","13":"s","130":"e","131":" ","132":"7","133":"2","134":",","135":" ","136":"i","137":"n","138":" ","139":"<","14":"t","140":"m","141":"o","142":"d","143":"u","144":"l","145":"e","146":">","147":"\r","148":"\n","149":" ","15":" ","150":" ","151":" ","152":" ","153":"i","154":"m","155":"p","156":"o","157":"r","158":"t","159":" ","16":"r","160":"t","161":"i","162":"m","163":"e","164":";","165":" ","166":"t","167":"i","168":"m","169":"e","17":"e","170":".","171":"s","172":"l","173":"e","174":"e","175":"p","176":"(","177":"1","178":")","179":"\r","18":"c","180":"\n","181":"K","182":"e","183":"y","184":"b","185":"o","186":"a","187":"r","188":"d","189":"I","19":"e","190":"n","191":"t","192":"e","193":"r","194":"r","195":"u","196":"p","197":"t","198":"\r","199":"\n","2":"a","20":"n","200":"E","201":"x","202":"c","203":"e","204":"p","205":"t","206":"i","207":"o","208":"n","209":" ","21":"t","210":"i","211":"g","212":"n","213":"o","214":"r","215":"e","216":"d","217":" ","218":"i","219":"n","22":" ","220":":","221":" ","222":"<","223":"m","224":"o","225":"d","226":"u","227":"l","228":"e","229":" ","23":"c","230":"'","231":"t","232":"h","233":"r","234":"e","235":"a","236":"d","237":"i","238":"n","239":"g","24":"a","240":"'","241":" ","242":"f","243":"r","244":"o","245":"m","246":" ","247":"'","248":"C","249":":","25":"l","250":"\\","251":"\\","252":"U","253":"s","254":"e","255":"r","256":"s","257":"\\","258":"\\","259":"L","26":"l","260":"E","261":"N","262":"O","263":"V","264":"O","265":"\\","266":"\\","267":"A","268":"p","269":"p","27":" ","270":"D","271":"a","272":"t","273":"a","274":"\\","275":"\\","276":"L","277":"o","278":"c","279":"a","28":"l","280":"l","281":"\\","282":"\\","283":"P","284":"r","285":"o","286":"g","287":"r","288":"a","289":"m","29":"a","290":"s","291":"\\","292":"\\","293":"P","294":"y","295":"t","296":"h","297":"o","298":"n","299":"\\","3":"c","30":"s","300":"\\","301":"P","302":"y","303":"t","304":"h","305":"o","306":"n","307":"3","308":"1","309":"0","31":"t","310":"\\","311":"\\","312":"l","313":"i","314":"b","315":"\\","316":"\\","317":"t","318":"h","319":"r","32":")","320":"e","321":"a","322":"d","323":"i","324":"n","325":"g","326":".","327":"p","328":"y","329":"'","33":":","330":">","331":"\r","332":"\n","333":"T","334":"r","335":"a","336":"c","337":"e","338":"b","339":"a","34":"\r","340":"c","341":"k","342":" ","343":"(","344":"m","345":"o","346":"s","347":"t","348":" ","349":"r","35":"\n","350":"e","351":"c","352":"e","353":"n","354":"t","355":" ","356":"c","357":"a","358":"l","359":"l","36":" ","360":" ","361":"l","362":"a","363":"s","364":"t","365":")","366":":","367":"\r","368":"\n","369":" ","37":" ","370":" ","371":"F","372":"i","373":"l","374":"e","375":" ","376":"\"","377":"C","378":":","379":"\\","38":"F","380":"U","381":"s","382":"e","383":"r","384":"s","385":"\\","386":"L","387":"E","388":"N","389":"O","39":"i","390":"V","391":"O","392":"\\","393":"A","394":"p","395":"p","396":"D","397":"a","398":"t","399":"a","4":"e","40":"l","400":"\\","401":"L","402":"o","403":"c","404":"a","405":"l","406":"\\","407":"P","408":"r","409":"o","41":"e","410":"g","411":"r","412":"a","413":"m","414":"s","415":"\\","416":"P","417":"y","418":"t","419":"h","42":" ","420":"o","421":"n","422":"\\","423":"P","424":"y","425":"t","426":"h","427":"o","428":"n","429":"3","43":"\"","430":"1","431":"0","432":"\\","433":"l","434":"i","435":"b","436":"\\","437":"t","438":"h","439":"r","44":"C","440":"e","441":"a","442":"d","443":"i","444":"n","445":"g","446":".","447":"p","448":"y","449":"\"","45":":","450":",","451":" ","452":"l","453":"i","454":"n","455":"e","456":" ","457":"1","458":"5","459":"2","46":"\\","460":"7","461":",","462":" ","463":"i","464":"n","465":" ","466":"_","467":"s","468":"h","469":"u","47":"U","470":"t","471":"d","472":"o","473":"w","474":"n","475":"\r","476":"\n","48":"s","49":"e","5":"b","50":"r","51":"s","52":"\\","53":"L","54":"E","55":"N","56":"O","57":"V","58":"O","59":"\\","6":"a","60":"D","61":"e","62":"s","63":"k","64":"t","65":"o","66":"p","67":"\\","68":"a","69":"i","7":"c","70":"r","71":"p","72":"o","73":"r","74":"t","75":"-","76":"k","77":"i","78":"o","79":"s","8":"k","80":"k","81":"-","82":"s","83":"y","84":"s","85":"t","86":"e","87":"m","88":"3","89":"\\","9":" ","90":"K","91":"i","92":"o","93":"s","94":"k","95":"_","96":"B","97":"a","98":"c","99":"k","level":"error","message":"❌ Python error (depth camera):","service":"kiosk-backend","timestamp":"2025-12-05 15:46:37"}
{"0":" ","1":" ","10":"i","11":"n","12":"_","13":"t","14":"h","15":"r","16":"e","17":"a","18":"d","19":".","2":" ","20":"_","21":"i","22":"s","23":"_","24":"s","25":"t","26":"o","27":"p","28":"p","29":"e","3":" ","30":"d","31":":","32":"\r","33":"\n","34":"K","35":"e","36":"y","37":"b","38":"o","39":"a","4":"i","40":"r","41":"d","42":"I","43":"n","44":"t","45":"e","46":"r","47":"r","48":"u","49":"p","5":"f","50":"t","51":":","52":" ","53":"\r","54":"\n","6":" ","7":"_","8":"m","9":"a","level":"error","message":"❌ Python error (depth camera):","service":"kiosk-backend","timestamp":"2025-12-05 15:46:37"}
{"level":"error","message":"❌ Cannot connect to central server: http://localhost:7000","service":"kiosk-backend","timestamp":"2025-12-05 15:46:37"}
{"level":"error","message":"❌ Cannot connect to central server: http://localhost:7000","service":"kiosk-backend","timestamp":"2025-12-05 15:46:37"}
{"level":"error","message":"❌ Cannot connect to central server: http://localhost:7000","service":"kiosk-backend","timestamp":"2025-12-05 15:46:38"}
{"level":"error","message":"❌ Cannot connect to central server: http://localhost:7000","service":"kiosk-backend","timestamp":"2025-12-05 15:46:38"}
{"level":"error","message":"❌ Cannot connect to central server: http://localhost:7000","service":"kiosk-backend","timestamp":"2025-12-05 15:46:38"}
{"level":"error","message":"❌ Cannot connect to central server: http://localhost:7000","service":"kiosk-backend","timestamp":"2025-12-05 15:46:38"}
{"level":"error","message":"❌ Cannot connect to central server: http://localhost:7000","service":"kiosk-backend","timestamp":"2025-12-05 15:46:39"}
{"level":"error","message":"❌ Cannot connect to central server: http://localhost:7000","service":"kiosk-backend","timestamp":"2025-12-05 15:46:39"}
{"level":"error","message":"❌ Cannot connect to central server: http://localhost:7000","service":"kiosk-backend","timestamp":"2025-12-05 15:46:39"}
{"level":"error","message":"❌ Cannot connect to central server: http://localhost:7000","service":"kiosk-backend","timestamp":"2025-12-05 15:46:39"}
{"level":"error","message":"❌ Cannot connect to central server: http://localhost:7000","service":"kiosk-backend","timestamp":"2025-12-05 15:46:39"}
{"level":"error","message":"❌ Cannot connect to central server: http://localhost:7000","service":"kiosk-backend","timestamp":"2025-12-05 15:46:39"}
{"level":"error","message":"❌ Cannot connect to central server: http://localhost:7000","service":"kiosk-backend","timestamp":"2025-12-05 15:46:41"}
{"level":"error","message":"❌ Cannot connect to central server: http://localhost:7000","service":"kiosk-backend","timestamp":"2025-12-05 15:46:41"}
{"level":"error","message":"❌ Cannot connect to central server: http://localhost:7000","service":"kiosk-backend","timestamp":"2025-12-05 15:46:41"}
{"level":"error","message":"❌ Cannot connect to central server: http://localhost:7000","service":"kiosk-backend","timestamp":"2025-12-05 15:46:43"}
{"level":"error","message":"❌ Cannot connect to central server: http://localhost:7000","service":"kiosk-backend","timestamp":"2025-12-05 15:46:44"}
{"level":"error","message":"❌ Cannot connect to central server: http://localhost:7000","service":"kiosk-backend","timestamp":"2025-12-05 15:46:44"}
{"level":"error","message":"❌ Cannot connect to central server: http://localhost:7000","service":"kiosk-backend","timestamp":"2025-12-05 15:46:44"}
{"level":"error","message":"❌ Cannot connect to central server: http://localhost:7000","service":"kiosk-backend","timestamp":"2025-12-05 15:46:45"}
{"level":"error","message":"❌ Cannot connect to central server: http://localhost:7000","service":"kiosk-backend","timestamp":"2025-12-05 15:46:45"}
{"level":"error","message":"❌ Cannot connect to central server: http://localhost:7000","service":"kiosk-backend","timestamp":"2025-12-05 15:46:45"}
{"level":"error","message":"❌ Error sending kiosk status: timeout of 5000ms exceeded","service":"kiosk-backend","timestamp":"2025-12-09 13:11:52"}
{"level":"error","message":"❌ Error sending kiosk status: timeout of 5000ms exceeded","service":"kiosk-backend","timestamp":"2025-12-09 13:15:03"}
{"level":"error","message":"❌ Error sending kiosk status: timeout of 5000ms exceeded","service":"kiosk-backend","timestamp":"2025-12-09 13:15:16"}
{"level":"error","message":"❌ Error sending kiosk status: timeout of 5000ms exceeded","service":"kiosk-backend","timestamp":"2025-12-09 13:15:29"}
{"level":"error","message":"❌ Error sending kiosk status: timeout of 5000ms exceeded","service":"kiosk-backend","timestamp":"2025-12-09 13:15:43"}
{"level":"error","message":"❌ Error sending kiosk status: timeout of 5000ms exceeded","service":"kiosk-backend","timestamp":"2025-12-09 13:15:55"}
{"level":"error","message":"❌ Error sending kiosk status: timeout of 5000ms exceeded","service":"kiosk-backend","timestamp":"2025-12-09 13:16:04"}
{"level":"error","message":"❌ Error sending kiosk status: timeout of 5000ms exceeded","service":"kiosk-backend","timestamp":"2025-12-09 13:16:22"}
{"level":"error","message":"❌ Error sending kiosk status: timeout of 5000ms exceeded","service":"kiosk-backend","timestamp":"2025-12-09 13:16:38"}
{"level":"error","message":"❌ Error sending kiosk status: timeout of 5000ms exceeded","service":"kiosk-backend","timestamp":"2025-12-09 13:16:53"}
{"level":"error","message":"❌ Error sending kiosk status: timeout of 5000ms exceeded","service":"kiosk-backend","timestamp":"2025-12-09 13:17:08"}
{"level":"error","message":"❌ Error sending kiosk status: timeout of 5000ms exceeded","service":"kiosk-backend","timestamp":"2025-12-09 13:19:21"}
{"level":"error","message":"❌ Error sending kiosk status: timeout of 5000ms exceeded","service":"kiosk-backend","timestamp":"2025-12-09 13:19:38"}
{"level":"error","message":"❌ Error sending kiosk status: timeout of 5000ms exceeded","service":"kiosk-backend","timestamp":"2025-12-09 13:19:52"}
{"level":"error","message":"❌ Error sending kiosk status: timeout of 5000ms exceeded","service":"kiosk-backend","timestamp":"2025-12-09 13:20:23"}
{"level":"error","message":"❌ Error sending kiosk status: timeout of 5000ms exceeded","service":"kiosk-backend","timestamp":"2025-12-09 13:20:42"}
{"level":"error","message":"❌ Error sending kiosk status: timeout of 5000ms exceeded","service":"kiosk-backend","timestamp":"2025-12-09 13:21:08"}
{"level":"error","message":"❌ Error sending kiosk status: timeout of 5000ms exceeded","service":"kiosk-backend","timestamp":"2025-12-09 13:21:25"}
{"level":"error","message":"❌ Error sending kiosk status: timeout of 5000ms exceeded","service":"kiosk-backend","timestamp":"2025-12-09 13:21:45"}
{"level":"error","message":"❌ Error sending kiosk status: timeout of 5000ms exceeded","service":"kiosk-backend","timestamp":"2025-12-09 13:22:18"}
{"level":"error","message":"❌ Error sending kiosk status: timeout of 5000ms exceeded","service":"kiosk-backend","timestamp":"2025-12-09 13:23:00"}
{"level":"error","message":"❌ Error sending kiosk status: timeout of 5000ms exceeded","service":"kiosk-backend","timestamp":"2025-12-09 13:23:16"}
{"level":"error","message":"❌ Error sending kiosk status: timeout of 5000ms exceeded","service":"kiosk-backend","timestamp":"2025-12-09 13:23:54"}
{"level":"error","message":"❌ Error sending kiosk status: timeout of 5000ms exceeded","service":"kiosk-backend","timestamp":"2025-12-09 13:24:15"}
{"level":"error","message":"❌ Cannot connect to central server: http://localhost:7000","service":"kiosk-backend","timestamp":"2025-12-09 14:49:02"}
{"level":"error","message":"❌ Error sending kiosk status: timeout of 5000ms exceeded","service":"kiosk-backend","timestamp":"2025-12-09 15:14:59"}
{"level":"error","message":"❌ Error sending kiosk status: timeout of 5000ms exceeded","service":"kiosk-backend","timestamp":"2025-12-09 15:27:18"}
{"level":"error","message":"❌ Error sending kiosk status: timeout of 5000ms exceeded","service":"kiosk-backend","timestamp":"2025-12-09 15:27:42"}
{"level":"error","message":"❌ Error sending kiosk status: timeout of 5000ms exceeded","service":"kiosk-backend","timestamp":"2025-12-09 15:28:31"}
{"level":"error","message":"❌ Error sending kiosk status: timeout of 5000ms exceeded","service":"kiosk-backend","timestamp":"2025-12-09 15:28:43"}
{"level":"error","message":"❌ Error sending kiosk status: timeout of 5000ms exceeded","service":"kiosk-backend","timestamp":"2025-12-09 15:28:56"}
{"level":"error","message":"❌ Error sending kiosk status: timeout of 5000ms exceeded","service":"kiosk-backend","timestamp":"2025-12-09 15:31:13"}
{"level":"error","message":"❌ Error sending kiosk status: timeout of 5000ms exceeded","service":"kiosk-backend","timestamp":"2025-12-09 15:31:34"}
{"level":"error","message":"❌ Error sending kiosk status: timeout of 5000ms exceeded","service":"kiosk-backend","timestamp":"2025-12-09 15:31:45"}
{"level":"error","message":"❌ Error sending kiosk status: timeout of 5000ms exceeded","service":"kiosk-backend","timestamp":"2025-12-09 15:31:56"}
{"level":"error","message":"❌ Error sending kiosk status: timeout of 5000ms exceeded","service":"kiosk-backend","timestamp":"2025-12-09 15:32:08"}
{"level":"error","message":"❌ Error sending kiosk status: timeout of 5000ms exceeded","service":"kiosk-backend","timestamp":"2025-12-09 15:32:34"}
{"level":"error","message":"❌ Error sending kiosk status: timeout of 5000ms exceeded","service":"kiosk-backend","timestamp":"2025-12-09 15:34:56"}
{"level":"error","message":"❌ Error sending kiosk status: timeout of 5000ms exceeded","service":"kiosk-backend","timestamp":"2025-12-09 15:42:39"}
{"level":"error","message":"❌ Error sending kiosk status: timeout of 5000ms exceeded","service":"kiosk-backend","timestamp":"2025-12-09 16:00:07"}
{"level":"error","message":"❌ Error sending kiosk status: timeout of 5000ms exceeded","service":"kiosk-backend","timestamp":"2025-12-09 16:16:50"}
{"level":"error","message":"❌ Error sending kiosk status: timeout of 5000ms exceeded","service":"kiosk-backend","timestamp":"2025-12-09 16:17:00"}
{"level":"error","message":"❌ Error sending kiosk status: timeout of 5000ms exceeded","service":"kiosk-backend","timestamp":"2025-12-09 16:17:19"}
{"level":"error","message":"❌ Error sending kiosk status: timeout of 5000ms exceeded","service":"kiosk-backend","timestamp":"2025-12-09 16:17:29"}
{"level":"error","message":"❌ Error sending kiosk status: timeout of 5000ms exceeded","service":"kiosk-backend","timestamp":"2025-12-09 16:18:03"}
{"level":"error","message":"❌ Error sending kiosk status: timeout of 5000ms exceeded","service":"kiosk-backend","timestamp":"2025-12-09 16:18:11"}
{"level":"error","message":"❌ Error sending kiosk status: timeout of 5000ms exceeded","service":"kiosk-backend","timestamp":"2025-12-09 16:18:27"}
{"level":"error","message":"❌ Error sending kiosk status: timeout of 5000ms exceeded","service":"kiosk-backend","timestamp":"2025-12-09 16:19:40"}
{"level":"error","message":"❌ Error sending kiosk status: timeout of 5000ms exceeded","service":"kiosk-backend","timestamp":"2025-12-09 16:19:56"}
{"level":"error","message":"❌ Error sending kiosk status: timeout of 5000ms exceeded","service":"kiosk-backend","timestamp":"2025-12-09 16:20:11"}
{"level":"error","message":"❌ Error sending kiosk status: timeout of 5000ms exceeded","service":"kiosk-backend","timestamp":"2025-12-09 16:20:25"}
{"level":"error","message":"❌ Error sending kiosk status: timeout of 5000ms exceeded","service":"kiosk-backend","timestamp":"2025-12-09 16:20:35"}
{"level":"error","message":"❌ Error sending kiosk status: timeout of 5000ms exceeded","service":"kiosk-backend","timestamp":"2025-12-09 16:20:47"}
{"level":"error","message":"❌ Error sending kiosk status: timeout of 5000ms exceeded","service":"kiosk-backend","timestamp":"2025-12-09 16:21:00"}
{"level":"error","message":"❌ Error sending kiosk status: timeout of 5000ms exceeded","service":"kiosk-backend","timestamp":"2025-12-09 16:21:12"}
{"level":"error","message":"❌ Error sending kiosk status: timeout of 5000ms exceeded","service":"kiosk-backend","timestamp":"2025-12-09 16:27:32"}
{"level":"error","message":"❌ Error sending kiosk status: timeout of 5000ms exceeded","service":"kiosk-backend","timestamp":"2025-12-09 16:28:09"}
{"level":"error","message":"❌ Error sending kiosk status: timeout of 5000ms exceeded","service":"kiosk-backend","timestamp":"2025-12-09 16:28:19"}
{"level":"error","message":"❌ Error sending kiosk status: timeout of 5000ms exceeded","service":"kiosk-backend","timestamp":"2025-12-09 16:28:32"}
{"level":"error","message":"❌ Error sending kiosk status: timeout of 5000ms exceeded","service":"kiosk-backend","timestamp":"2025-12-09 16:28:45"}
{"level":"error","message":"❌ Error sending kiosk status: timeout of 5000ms exceeded","service":"kiosk-backend","timestamp":"2025-12-09 16:29:07"}
{"level":"error","message":"❌ Error sending kiosk status: timeout of 5000ms exceeded","service":"kiosk-backend","timestamp":"2025-12-09 16:42:43"}
{"level":"error","message":"❌ Cannot connect to central server: http://localhost:7000","service":"kiosk-backend","timestamp":"2025-12-16 16:14:03"}
{"level":"error","message":"❌ Cannot connect to central server: http://localhost:7000","service":"kiosk-backend","timestamp":"2025-12-16 16:14:13"}
{"level":"error","message":"❌ Cannot connect to central server: http://localhost:7000","service":"kiosk-backend","timestamp":"2025-12-16 16:14:23"}
{"level":"error","message":"❌ Cannot connect to central server: http://localhost:7000","service":"kiosk-backend","timestamp":"2025-12-16 16:14:33"}
{"level":"error","message":"❌ Cannot connect to central server: http://localhost:7000","service":"kiosk-backend","timestamp":"2025-12-16 16:14:44"}
{"level":"error","message":"❌ Cannot connect to central server: http://localhost:7000","service":"kiosk-backend","timestamp":"2025-12-16 16:14:53"}
{"level":"error","message":"❌ Cannot connect to central server: http://localhost:7000","service":"kiosk-backend","timestamp":"2025-12-16 16:15:03"}
{"level":"error","message":"❌ Cannot connect to central server: http://localhost:7000","service":"kiosk-backend","timestamp":"2025-12-16 16:15:14"}
{"level":"error","message":"❌ Cannot connect to central server: http://localhost:7000","service":"kiosk-backend","timestamp":"2025-12-16 16:15:24"}
{"level":"error","message":"❌ Cannot connect to central server: http://localhost:7000","service":"kiosk-backend","timestamp":"2025-12-16 16:15:34"}
{"level":"error","message":"❌ Cannot connect to central server: http://localhost:7000","service":"kiosk-backend","timestamp":"2025-12-16 16:15:44"}
{"level":"error","message":"❌ Cannot connect to central server: http://localhost:7000","service":"kiosk-backend","timestamp":"2025-12-16 16:15:54"}
{"level":"error","message":"❌ Cannot connect to central server: http://localhost:7000","service":"kiosk-backend","timestamp":"2025-12-16 16:16:04"}
{"level":"error","message":"❌ Cannot connect to central server: http://localhost:7000","service":"kiosk-backend","timestamp":"2025-12-16 16:16:14"}
{"level":"error","message":"❌ Cannot connect to central server: http://localhost:7000","service":"kiosk-backend","timestamp":"2025-12-16 16:16:24"}
{"level":"error","message":"❌ Cannot connect to central server: http://localhost:7000","service":"kiosk-backend","timestamp":"2025-12-16 16:16:34"}
{"level":"error","message":"❌ Cannot connect to central server: http://localhost:7000","service":"kiosk-backend","timestamp":"2025-12-16 16:16:44"}
{"level":"error","message":"❌ Cannot connect to central server: http://localhost:7000","service":"kiosk-backend","timestamp":"2025-12-16 16:16:54"}
{"level":"error","message":"❌ Cannot connect to central server: http://localhost:7000","service":"kiosk-backend","timestamp":"2025-12-16 16:17:04"}
{"level":"error","message":"❌ Cannot connect to central server: http://localhost:7000","service":"kiosk-backend","timestamp":"2025-12-16 16:17:14"}
{"level":"error","message":"❌ Cannot connect to central server: http://localhost:7000","service":"kiosk-backend","timestamp":"2025-12-16 16:17:24"}
{"level":"error","message":"❌ Cannot connect to central server: http://localhost:7000","service":"kiosk-backend","timestamp":"2025-12-16 16:17:34"}
{"level":"error","message":"❌ Cannot connect to central server: http://localhost:7000","service":"kiosk-backend","timestamp":"2025-12-16 16:17:45"}
{"level":"error","message":"❌ Cannot connect to central server: http://localhost:7000","service":"kiosk-backend","timestamp":"2025-12-16 16:17:55"}
{"level":"error","message":"❌ Cannot connect to central server: http://localhost:7000","service":"kiosk-backend","timestamp":"2025-12-16 16:18:05"}
{"level":"error","message":"❌ Cannot connect to central server: http://localhost:7000","service":"kiosk-backend","timestamp":"2025-12-16 16:18:15"}
{"level":"error","message":"❌ Cannot connect to central server: http://localhost:7000","service":"kiosk-backend","timestamp":"2025-12-16 16:18:25"}
{"level":"error","message":"❌ Cannot connect to central server: http://localhost:7000","service":"kiosk-backend","timestamp":"2025-12-16 16:18:35"}
{"level":"error","message":"❌ Cannot connect to central server: http://localhost:7000","service":"kiosk-backend","timestamp":"2025-12-16 16:18:45"}
{"level":"error","message":"❌ Cannot connect to central server: http://localhost:7000","service":"kiosk-backend","timestamp":"2025-12-16 16:18:55"}
{"level":"error","message":"❌ Cannot connect to central server: http://localhost:7000","service":"kiosk-backend","timestamp":"2025-12-16 16:19:05"}
{"level":"error","message":"❌ Cannot connect to central server: http://localhost:7000","service":"kiosk-backend","timestamp":"2025-12-16 16:19:15"}
{"level":"error","message":"❌ Cannot connect to central server: http://localhost:7000","service":"kiosk-backend","timestamp":"2025-12-16 16:19:25"}
{"level":"error","message":"❌ Cannot connect to central server: http://localhost:7000","service":"kiosk-backend","timestamp":"2025-12-16 16:19:35"}
{"level":"error","message":"❌ Cannot connect to central server: http://localhost:7000","service":"kiosk-backend","timestamp":"2025-12-16 16:19:45"}
{"level":"error","message":"❌ Cannot connect to central server: http://localhost:7000","service":"kiosk-backend","timestamp":"2025-12-16 16:19:55"}
{"level":"error","message":"❌ Cannot connect to central server: http://localhost:7000","service":"kiosk-backend","timestamp":"2025-12-16 16:20:05"}
{"level":"error","message":"❌ Cannot connect to central server: http://localhost:7000","service":"kiosk-backend","timestamp":"2025-12-16 16:20:15"}
{"level":"error","message":"❌ Cannot connect to central server: http://localhost:7000","service":"kiosk-backend","timestamp":"2025-12-16 16:20:25"}
{"level":"error","message":"❌ Cannot connect to central server: http://localhost:7000","service":"kiosk-backend","timestamp":"2025-12-16 16:20:35"}
{"level":"error","message":"❌ Cannot connect to central server: http://localhost:7000","service":"kiosk-backend","timestamp":"2025-12-16 16:20:45"}
{"level":"error","message":"❌ Cannot connect to central server: http://localhost:7000","service":"kiosk-backend","timestamp":"2025-12-16 16:20:55"}
{"level":"error","message":"❌ Cannot connect to central server: http://localhost:7000","service":"kiosk-backend","timestamp":"2025-12-16 16:21:05"}
{"level":"error","message":"❌ Cannot connect to central server: http://localhost:7000","service":"kiosk-backend","timestamp":"2025-12-16 16:21:15"}
{"level":"error","message":"❌ Cannot connect to central server: http://localhost:7000","service":"kiosk-backend","timestamp":"2025-12-16 16:21:25"}
{"level":"error","message":"❌ Cannot connect to central server: http://localhost:7000","service":"kiosk-backend","timestamp":"2025-12-16 16:21:35"}
{"level":"error","message":"❌ Cannot connect to central server: http://localhost:7000","service":"kiosk-backend","timestamp":"2025-12-16 16:21:45"}
{"level":"error","message":"❌ Cannot connect to central server: http://localhost:7000","service":"kiosk-backend","timestamp":"2025-12-16 16:21:55"}
{"level":"error","message":"❌ Cannot connect to central server: http://localhost:7000","service":"kiosk-backend","timestamp":"2025-12-16 16:22:05"}
{"level":"error","message":"❌ Cannot connect to central server: http://localhost:7000","service":"kiosk-backend","timestamp":"2025-12-16 16:22:16"}
{"level":"error","message":"❌ Cannot connect to central server: http://localhost:7000","service":"kiosk-backend","timestamp":"2025-12-16 16:22:26"}
{"level":"error","message":"❌ Cannot connect to central server: http://localhost:7000","service":"kiosk-backend","timestamp":"2025-12-16 16:22:36"}
{"level":"error","message":"❌ Cannot connect to central server: http://localhost:7000","service":"kiosk-backend","timestamp":"2025-12-16 16:22:46"}
{"level":"error","message":"❌ Cannot connect to central server: http://localhost:7000","service":"kiosk-backend","timestamp":"2025-12-16 16:22:56"}
{"level":"error","message":"❌ Cannot connect to central server: http://localhost:7000","service":"kiosk-backend","timestamp":"2025-12-16 16:23:06"}
{"level":"error","message":"❌ Cannot connect to central server: http://localhost:7000","service":"kiosk-backend","timestamp":"2025-12-16 16:23:16"}
{"level":"error","message":"❌ Cannot connect to central server: http://localhost:7000","service":"kiosk-backend","timestamp":"2025-12-16 16:23:26"}
{"level":"error","message":"❌ Cannot connect to central server: http://localhost:7000","service":"kiosk-backend","timestamp":"2025-12-16 16:23:36"}
{"level":"error","message":"❌ Cannot connect to central server: http://localhost:7000","service":"kiosk-backend","timestamp":"2025-12-16 16:23:46"}
{"level":"error","message":"❌ Cannot connect to central server: http://localhost:7000","service":"kiosk-backend","timestamp":"2025-12-16 16:23:56"}
{"level":"error","message":"❌ Cannot connect to central server: http://localhost:7000","service":"kiosk-backend","timestamp":"2025-12-16 16:24:06"}
{"level":"error","message":"❌ Cannot connect to central server: http://localhost:7000","service":"kiosk-backend","timestamp":"2025-12-16 16:24:16"}
{"level":"error","message":"❌ Cannot connect to central server: http://localhost:7000","service":"kiosk-backend","timestamp":"2025-12-16 16:24:26"}
{"level":"error","message":"❌ Cannot connect to central server: http://localhost:7000","service":"kiosk-backend","timestamp":"2025-12-16 16:24:36"}
{"level":"error","message":"❌ Cannot connect to central server: http://localhost:7000","service":"kiosk-backend","timestamp":"2025-12-16 16:24:46"}
{"level":"error","message":"❌ Cannot connect to central server: http://localhost:7000","service":"kiosk-backend","timestamp":"2025-12-16 16:24:56"}
{"level":"error","message":"❌ Cannot connect to central server: http://localhost:7000","service":"kiosk-backend","timestamp":"2025-12-16 16:25:06"}
{"level":"error","message":"❌ Cannot connect to central server: http://localhost:7000","service":"kiosk-backend","timestamp":"2025-12-16 16:25:16"}
{"level":"error","message":"❌ Cannot connect to central server: http://localhost:7000","service":"kiosk-backend","timestamp":"2025-12-16 16:25:26"}
{"level":"error","message":"❌ Cannot connect to central server: http://localhost:7000","service":"kiosk-backend","timestamp":"2025-12-16 16:25:36"}
{"level":"error","message":"❌ Cannot connect to central server: http://localhost:7000","service":"kiosk-backend","timestamp":"2025-12-16 16:25:46"}
{"level":"error","message":"❌ Cannot connect to central server: http://localhost:7000","service":"kiosk-backend","timestamp":"2025-12-16 16:25:56"}
{"level":"error","message":"❌ Cannot connect to central server: http://localhost:7000","service":"kiosk-backend","timestamp":"2025-12-16 16:26:06"}
{"level":"error","message":"❌ Cannot connect to central server: http://localhost:7000","service":"kiosk-backend","timestamp":"2025-12-16 16:26:17"}
{"level":"error","message":"❌ Cannot connect to central server: http://localhost:7000","service":"kiosk-backend","timestamp":"2025-12-16 16:26:27"}
{"level":"error","message":"❌ Cannot connect to central server: http://localhost:7000","service":"kiosk-backend","timestamp":"2025-12-16 16:26:37"}
{"level":"error","message":"❌ Cannot connect to central server: http://localhost:7000","service":"kiosk-backend","timestamp":"2025-12-16 16:26:47"}
{"level":"error","message":"❌ Cannot connect to central server: http://localhost:7000","service":"kiosk-backend","timestamp":"2025-12-16 16:26:57"}
{"level":"error","message":"❌ Cannot connect to central server: http://localhost:7000","service":"kiosk-backend","timestamp":"2025-12-16 16:27:07"}
{"level":"error","message":"❌ Cannot connect to central server: http://localhost:7000","service":"kiosk-backend","timestamp":"2025-12-16 16:33:26"}
{"level":"error","message":"❌ Cannot connect to central server: http://localhost:7000","service":"kiosk-backend","timestamp":"2025-12-16 16:33:36"}
{"level":"error","message":"❌ Cannot connect to central server: http://localhost:7000","service":"kiosk-backend","timestamp":"2025-12-16 16:33:46"}
{"level":"error","message":"❌ Cannot connect to central server: http://localhost:7000","service":"kiosk-backend","timestamp":"2025-12-16 16:33:56"}
{"level":"error","message":"❌ Cannot connect to central server: http://localhost:7000","service":"kiosk-backend","timestamp":"2025-12-16 16:34:06"}
{"level":"error","message":"❌ Cannot connect to central server: http://localhost:7000","service":"kiosk-backend","timestamp":"2025-12-16 16:34:16"}
{"level":"error","message":"❌ Cannot connect to central server: http://localhost:7000","service":"kiosk-backend","timestamp":"2025-12-16 16:34:26"}
{"level":"error","message":"❌ Cannot connect to central server: http://localhost:7000","service":"kiosk-backend","timestamp":"2025-12-16 16:34:36"}
{"level":"error","message":"❌ Cannot connect to central server: http://localhost:7000","service":"kiosk-backend","timestamp":"2025-12-16 16:34:46"}
{"level":"error","message":"❌ Cannot connect to central server: http://localhost:7000","service":"kiosk-backend","timestamp":"2025-12-16 16:34:56"}
{"level":"error","message":"❌ Cannot connect to central server: http://localhost:7000","service":"kiosk-backend","timestamp":"2025-12-16 16:35:06"}
{"level":"error","message":"❌ Cannot connect to central server: http://localhost:7000","service":"kiosk-backend","timestamp":"2025-12-16 16:35:16"}
{"level":"error","message":"❌ Cannot connect to central server: http://localhost:7000","service":"kiosk-backend","timestamp":"2025-12-16 16:35:26"}
{"level":"error","message":"❌ Cannot connect to central server: http://localhost:7000","service":"kiosk-backend","timestamp":"2025-12-16 16:35:36"}
{"level":"error","message":"❌ Cannot connect to central server: http://localhost:7000","service":"kiosk-backend","timestamp":"2025-12-16 16:35:46"}
{"level":"error","message":"❌ Cannot connect to central server: http://localhost:7000","service":"kiosk-backend","timestamp":"2025-12-16 16:35:56"}
{"level":"error","message":"❌ Cannot connect to central server: http://localhost:7000","service":"kiosk-backend","timestamp":"2025-12-16 16:36:06"}
{"level":"error","message":"❌ Cannot connect to central server: http://localhost:7000","service":"kiosk-backend","timestamp":"2025-12-16 16:36:16"}
{"level":"error","message":"❌ Cannot connect to central server: http://localhost:7000","service":"kiosk-backend","timestamp":"2025-12-16 16:36:26"}
{"level":"error","message":"❌ Cannot connect to central server: http://localhost:7000","service":"kiosk-backend","timestamp":"2025-12-16 16:36:36"}
{"level":"error","message":"❌ Cannot connect to central server: http://localhost:7000","service":"kiosk-backend","timestamp":"2025-12-16 16:36:46"}
{"level":"error","message":"❌ Cannot connect to central server: http://localhost:7000","service":"kiosk-backend","timestamp":"2025-12-16 16:36:56"}
{"level":"error","message":"❌ Cannot connect to central server: http://localhost:7000","service":"kiosk-backend","timestamp":"2025-12-16 16:37:06"}
{"level":"error","message":"❌ Cannot connect to central server: http://localhost:7000","service":"kiosk-backend","timestamp":"2025-12-16 16:37:16"}
{"level":"error","message":"❌ Cannot connect to central server: http://localhost:7000","service":"kiosk-backend","timestamp":"2025-12-16 16:37:26"}
{"level":"error","message":"❌ Cannot connect to central server: http://localhost:7000","service":"kiosk-backend","timestamp":"2025-12-16 16:37:36"}
{"level":"error","message":"❌ Cannot connect to central server: http://localhost:7000","service":"kiosk-backend","timestamp":"2025-12-16 16:37:46"}
{"level":"error","message":"❌ Cannot connect to central server: http://localhost:7000","service":"kiosk-backend","timestamp":"2025-12-16 16:37:56"}
{"level":"error","message":"❌ Cannot connect to central server: http://localhost:7000","service":"kiosk-backend","timestamp":"2025-12-16 16:38:06"}
{"level":"error","message":"❌ Cannot connect to central server: http://localhost:7000","service":"kiosk-backend","timestamp":"2025-12-16 16:38:16"}
{"level":"error","message":"❌ Cannot connect to central server: http://localhost:7000","service":"kiosk-backend","timestamp":"2025-12-16 16:38:27"}
{"level":"error","message":"❌ Cannot connect to central server: http://localhost:7000","service":"kiosk-backend","timestamp":"2025-12-16 16:38:37"}
{"level":"error","message":"❌ Cannot connect to central server: http://localhost:7000","service":"kiosk-backend","timestamp":"2025-12-16 16:38:47"}
{"level":"error","message":"❌ Cannot connect to central server: http://localhost:7000","service":"kiosk-backend","timestamp":"2025-12-16 16:38:57"}
{"level":"error","message":"❌ Cannot connect to central server: http://localhost:7000","service":"kiosk-backend","timestamp":"2025-12-16 16:39:07"}
{"level":"error","message":"❌ Cannot connect to central server: http://localhost:7000","service":"kiosk-backend","timestamp":"2025-12-16 16:39:17"}
{"level":"error","message":"❌ Cannot connect to central server: http://localhost:7000","service":"kiosk-backend","timestamp":"2025-12-16 16:40:13"}
{"level":"error","message":"❌ Cannot connect to central server: http://localhost:7000","service":"kiosk-backend","timestamp":"2025-12-16 16:40:23"}
{"level":"error","message":"❌ Cannot connect to central server: http://localhost:7000","service":"kiosk-backend","timestamp":"2025-12-16 16:40:33"}
{"level":"error","message":"❌ Cannot connect to central server: http://localhost:7000","service":"kiosk-backend","timestamp":"2025-12-16 16:40:43"}
{"level":"error","message":"❌ Cannot connect to central server: http://localhost:7000","service":"kiosk-backend","timestamp":"2025-12-16 16:40:53"}
{"level":"error","message":"❌ Cannot connect to central server: http://localhost:7000","service":"kiosk-backend","timestamp":"2025-12-16 16:41:03"}
{"level":"error","message":"❌ Cannot connect to central server: http://localhost:7000","service":"kiosk-backend","timestamp":"2025-12-16 16:41:13"}
{"level":"error","message":"❌ Cannot connect to central server: http://localhost:7000","service":"kiosk-backend","timestamp":"2025-12-16 16:41:23"}
{"level":"error","message":"❌ Cannot connect to central server: http://localhost:7000","service":"kiosk-backend","timestamp":"2025-12-16 16:41:33"}
{"level":"error","message":"❌ Cannot connect to central server: http://localhost:7000","service":"kiosk-backend","timestamp":"2025-12-16 16:41:43"}
{"level":"error","message":"❌ Cannot connect to central server: http://localhost:7000","service":"kiosk-backend","timestamp":"2025-12-16 16:41:53"}
{"level":"error","message":"❌ Cannot connect to central server: http://localhost:7000","service":"kiosk-backend","timestamp":"2025-12-16 16:42:03"}
{"level":"error","message":"❌ Cannot connect to central server: http://localhost:7000","service":"kiosk-backend","timestamp":"2025-12-16 16:42:13"}
{"level":"error","message":"❌ Cannot connect to central server: http://localhost:7000","service":"kiosk-backend","timestamp":"2025-12-16 16:42:23"}
{"level":"error","message":"❌ Cannot connect to central server: http://localhost:7000","service":"kiosk-backend","timestamp":"2025-12-16 16:42:34"}
{"level":"error","message":"❌ Cannot connect to central server: http://localhost:7000","service":"kiosk-backend","timestamp":"2025-12-16 16:42:44"}
{"level":"error","message":"❌ Cannot connect to central server: http://localhost:7000","service":"kiosk-backend","timestamp":"2025-12-16 16:42:54"}
{"level":"error","message":"❌ Cannot connect to central server: http://localhost:7000","service":"kiosk-backend","timestamp":"2025-12-16 16:43:04"}
{"level":"error","message":"❌ Cannot connect to central server: http://localhost:7000","service":"kiosk-backend","timestamp":"2025-12-16 16:43:14"}
{"level":"error","message":"❌ Cannot connect to central server: http://localhost:7000","service":"kiosk-backend","timestamp":"2025-12-16 16:43:24"}
{"level":"error","message":"❌ Cannot connect to central server: http://localhost:7000","service":"kiosk-backend","timestamp":"2025-12-16 16:43:34"}
{"level":"error","message":"❌ Cannot connect to central server: http://localhost:7000","service":"kiosk-backend","timestamp":"2025-12-16 16:43:44"}
{"level":"error","message":"❌ Cannot connect to central server: http://localhost:7000","service":"kiosk-backend","timestamp":"2025-12-16 16:43:54"}
{"level":"error","message":"❌ Cannot connect to central server: http://localhost:7000","service":"kiosk-backend","timestamp":"2025-12-16 16:44:04"}
{"level":"error","message":"❌ Cannot connect to central server: http://localhost:7000","service":"kiosk-backend","timestamp":"2025-12-16 16:44:14"}
{"level":"error","message":"❌ Cannot connect to central server: http://localhost:7000","service":"kiosk-backend","timestamp":"2025-12-16 16:44:24"}
{"level":"error","message":"❌ Cannot connect to central server: http://localhost:7000","service":"kiosk-backend","timestamp":"2025-12-16 16:44:34"}
{"level":"error","message":"❌ Cannot connect to central server: http://localhost:7000","service":"kiosk-backend","timestamp":"2025-12-16 16:44:44"}
{"level":"error","message":"❌ Cannot connect to central server: http://localhost:7000","service":"kiosk-backend","timestamp":"2025-12-16 16:44:54"}
{"level":"error","message":"❌ Cannot connect to central server: http://localhost:7000","service":"kiosk-backend","timestamp":"2025-12-16 16:45:04"}
{"level":"error","message":"❌ Cannot connect to central server: http://localhost:7000","service":"kiosk-backend","timestamp":"2025-12-16 16:45:14"}
{"level":"error","message":"❌ Cannot connect to central server: http://localhost:7000","service":"kiosk-backend","timestamp":"2025-12-16 16:45:24"}
{"level":"error","message":"❌ Cannot connect to central server: http://localhost:7000","service":"kiosk-backend","timestamp":"2025-12-16 16:45:34"}
{"level":"error","message":"❌ Cannot connect to central server: http://localhost:7000","service":"kiosk-backend","timestamp":"2025-12-16 16:45:44"}
{"level":"error","message":"❌ Cannot connect to central server: http://localhost:7000","service":"kiosk-backend","timestamp":"2025-12-16 16:45:54"}
{"level":"error","message":"❌ Cannot connect to central server: http://localhost:7000","service":"kiosk-backend","timestamp":"2025-12-16 16:46:04"}
{"level":"error","message":"❌ Cannot connect to central server: http://localhost:7000","service":"kiosk-backend","timestamp":"2025-12-16 16:46:14"}
{"level":"error","message":"❌ Cannot connect to central server: http://localhost:7000","service":"kiosk-backend","timestamp":"2025-12-16 16:46:24"}
{"level":"error","message":"❌ Cannot connect to central server: http://localhost:7000","service":"kiosk-backend","timestamp":"2025-12-16 16:46:34"}
{"level":"error","message":"❌ Cannot connect to central server: http://localhost:7000","service":"kiosk-backend","timestamp":"2025-12-16 16:46:44"}
{"level":"error","message":"❌ Cannot connect to central server: http://localhost:7000","service":"kiosk-backend","timestamp":"2025-12-16 16:46:54"}
{"level":"error","message":"❌ Cannot connect to central server: http://localhost:7000","service":"kiosk-backend","timestamp":"2025-12-16 16:47:04"}
{"level":"error","message":"❌ Cannot connect to central server: http://localhost:7000","service":"kiosk-backend","timestamp":"2025-12-16 16:47:14"}
{"level":"error","message":"❌ Cannot connect to central server: http://localhost:7000","service":"kiosk-backend","timestamp":"2025-12-16 16:47:24"}
{"level":"error","message":"❌ Cannot connect to central server: http://localhost:7000","service":"kiosk-backend","timestamp":"2025-12-16 16:47:34"}
{"level":"error","message":"❌ Cannot connect to central server: http://localhost:7000","service":"kiosk-backend","timestamp":"2025-12-16 16:47:44"}
{"level":"error","message":"❌ Cannot connect to central server: http://localhost:7000","service":"kiosk-backend","timestamp":"2025-12-16 16:47:54"}
{"level":"error","message":"❌ Cannot connect to central server: http://localhost:7000","service":"kiosk-backend","timestamp":"2025-12-16 16:48:04"}
{"level":"error","message":"❌ Cannot connect to central server: http://localhost:7000","service":"kiosk-backend","timestamp":"2025-12-16 16:48:14"}
{"level":"error","message":"❌ Cannot connect to central server: http://localhost:7000","service":"kiosk-backend","timestamp":"2025-12-16 16:48:24"}
{"level":"error","message":"❌ Cannot connect to central server: http://localhost:7000","service":"kiosk-backend","timestamp":"2025-12-16 16:48:34"}
{"level":"error","message":"❌ Cannot connect to central server: http://localhost:7000","service":"kiosk-backend","timestamp":"2025-12-16 16:48:44"}
{"level":"error","message":"❌ Cannot connect to central server: http://localhost:7000","service":"kiosk-backend","timestamp":"2025-12-16 16:48:55"}
{"level":"error","message":"❌ Cannot connect to central server: http://localhost:7000","service":"kiosk-backend","timestamp":"2025-12-16 16:49:05"}
{"level":"error","message":"❌ Cannot connect to central server: http://localhost:7000","service":"kiosk-backend","timestamp":"2025-12-16 16:49:15"}
{"level":"error","message":"❌ Cannot connect to central server: http://localhost:7000","service":"kiosk-backend","timestamp":"2025-12-16 16:49:25"}
{"level":"error","message":"❌ Cannot connect to central server: http://localhost:7000","service":"kiosk-backend","timestamp":"2025-12-16 16:49:35"}
{"level":"error","message":"❌ Cannot connect to central server: http://localhost:7000","service":"kiosk-backend","timestamp":"2025-12-16 16:49:45"}
{"level":"error","message":"❌ Cannot connect to central server: http://localhost:7000","service":"kiosk-backend","timestamp":"2025-12-16 16:49:55"}
{"level":"error","message":"❌ Cannot connect to central server: http://localhost:7000","service":"kiosk-backend","timestamp":"2025-12-16 16:50:05"}
{"level":"error","message":"❌ Cannot connect to central server: http://localhost:7000","service":"kiosk-backend","timestamp":"2025-12-16 16:50:15"}
{"level":"error","message":"❌ Cannot connect to central server: http://localhost:7000","service":"kiosk-backend","timestamp":"2025-12-16 16:50:25"}
{"level":"error","message":"❌ Cannot connect to central server: http://localhost:7000","service":"kiosk-backend","timestamp":"2025-12-16 16:50:35"}
{"level":"error","message":"❌ Cannot connect to central server: http://localhost:7000","service":"kiosk-backend","timestamp":"2025-12-16 16:50:45"}
{"level":"error","message":"❌ Cannot connect to central server: http://localhost:7000","service":"kiosk-backend","timestamp":"2025-12-16 16:50:55"}
{"level":"error","message":"❌ Cannot connect to central server: http://localhost:7000","service":"kiosk-backend","timestamp":"2025-12-16 16:51:05"}
{"level":"error","message":"❌ Cannot connect to central server: http://localhost:7000","service":"kiosk-backend","timestamp":"2025-12-16 16:51:15"}
{"level":"error","message":"❌ Cannot connect to central server: http://localhost:7000","service":"kiosk-backend","timestamp":"2025-12-16 16:51:25"}
{"level":"error","message":"❌ Cannot connect to central server: http://localhost:7000","service":"kiosk-backend","timestamp":"2025-12-16 16:51:35"}
{"level":"error","message":"❌ Cannot connect to central server: http://localhost:7000","service":"kiosk-backend","timestamp":"2025-12-16 16:51:45"}
{"level":"error","message":"❌ Cannot connect to central server: http://localhost:7000","service":"kiosk-backend","timestamp":"2025-12-16 16:51:55"}
{"level":"error","message":"❌ Cannot connect to central server: http://localhost:7000","service":"kiosk-backend","timestamp":"2025-12-16 16:52:05"}
{"level":"error","message":"❌ Cannot connect to central server: http://localhost:7000","service":"kiosk-backend","timestamp":"2025-12-16 16:52:15"}
{"level":"error","message":"❌ Cannot connect to central server: http://localhost:7000","service":"kiosk-backend","timestamp":"2025-12-16 16:52:25"}
{"level":"error","message":"❌ Cannot connect to central server: http://localhost:7000","service":"kiosk-backend","timestamp":"2025-12-16 16:52:35"}
{"level":"error","message":"❌ Cannot connect to central server: http://localhost:7000","service":"kiosk-backend","timestamp":"2025-12-16 16:52:45"}
{"level":"error","message":"❌ Cannot connect to central server: http://localhost:7000","service":"kiosk-backend","timestamp":"2025-12-16 16:52:56"}
{"level":"error","message":"❌ Cannot connect to central server: http://localhost:7000","service":"kiosk-backend","timestamp":"2025-12-16 16:53:06"}
{"level":"error","message":"❌ Cannot connect to central server: http://localhost:7000","service":"kiosk-backend","timestamp":"2025-12-16 16:53:16"}
{"level":"error","message":"❌ Cannot connect to central server: http://localhost:7000","service":"kiosk-backend","timestamp":"2025-12-16 16:53:26"}
{"level":"error","message":"❌ Cannot connect to central server: http://localhost:7000","service":"kiosk-backend","timestamp":"2025-12-16 16:53:36"}
{"level":"error","message":"❌ Cannot connect to central server: http://localhost:7000","service":"kiosk-backend","timestamp":"2025-12-16 16:53:46"}
{"level":"error","message":"❌ Cannot connect to central server: http://localhost:7000","service":"kiosk-backend","timestamp":"2025-12-16 16:53:56"}
{"level":"error","message":"❌ Cannot connect to central server: http://localhost:7000","service":"kiosk-backend","timestamp":"2025-12-16 16:54:06"}
{"level":"error","message":"❌ Cannot connect to central server: http://localhost:7000","service":"kiosk-backend","timestamp":"2025-12-16 16:54:16"}
{"level":"error","message":"❌ Cannot connect to central server: http://localhost:7000","service":"kiosk-backend","timestamp":"2025-12-16 16:54:26"}
{"level":"error","message":"❌ Cannot connect to central server: http://localhost:7000","service":"kiosk-backend","timestamp":"2025-12-16 16:54:36"}
{"level":"error","message":"❌ Cannot connect to central server: http://localhost:7000","service":"kiosk-backend","timestamp":"2025-12-16 16:54:46"}
{"level":"error","message":"❌ Cannot connect to central server: http://localhost:7000","service":"kiosk-backend","timestamp":"2025-12-16 16:54:56"}
{"level":"error","message":"❌ Cannot connect to central server: http://localhost:7000","service":"kiosk-backend","timestamp":"2025-12-16 16:55:06"}
{"level":"error","message":"❌ Cannot connect to central server: http://localhost:7000","service":"kiosk-backend","timestamp":"2025-12-16 16:55:16"}
{"level":"error","message":"❌ Cannot connect to central server: http://localhost:7000","service":"kiosk-backend","timestamp":"2025-12-16 16:55:26"}
{"level":"error","message":"❌ Cannot connect to central server: http://localhost:7000","service":"kiosk-backend","timestamp":"2025-12-16 16:55:36"}
{"level":"error","message":"❌ Cannot connect to central server: http://localhost:7000","service":"kiosk-backend","timestamp":"2025-12-16 16:55:46"}
{"level":"error","message":"❌ Cannot connect to central server: http://localhost:7000","service":"kiosk-backend","timestamp":"2025-12-16 16:55:56"}
{"level":"error","message":"❌ Cannot connect to central server: http://localhost:7000","service":"kiosk-backend","timestamp":"2025-12-16 16:56:06"}
{"level":"error","message":"❌ Cannot connect to central server: http://localhost:7000","service":"kiosk-backend","timestamp":"2025-12-16 16:56:16"}
{"level":"error","message":"❌ Cannot connect to central server: http://localhost:7000","service":"kiosk-backend","timestamp":"2025-12-16 16:56:27"}
{"level":"error","message":"❌ Cannot connect to central server: http://localhost:7000","service":"kiosk-backend","timestamp":"2025-12-16 16:56:37"}
{"level":"error","message":"❌ Cannot connect to central server: http://localhost:7000","service":"kiosk-backend","timestamp":"2025-12-16 16:56:47"}
{"level":"error","message":"❌ Error sending kiosk status: timeout of 5000ms exceeded","service":"kiosk-backend","timestamp":"2025-12-16 18:46:42"}
{"level":"error","message":"❌ Error sending kiosk status: timeout of 5000ms exceeded","service":"kiosk-backend","timestamp":"2025-12-16 18:46:53"}
{"level":"error","message":"❌ Error sending kiosk status: timeout of 5000ms exceeded","service":"kiosk-backend","timestamp":"2025-12-16 18:47:56"}
{"level":"error","message":"❌ Error sending kiosk status: timeout of 5000ms exceeded","service":"kiosk-backend","timestamp":"2025-12-16 18:48:06"}
{"level":"error","message":"❌ Error sending kiosk status: timeout of 5000ms exceeded","service":"kiosk-backend","timestamp":"2025-12-16 18:48:31"}
{"level":"error","message":"❌ Error sending kiosk status: timeout of 5000ms exceeded","service":"kiosk-backend","timestamp":"2025-12-16 18:48:44"}
{"level":"error","message":"❌ Error sending kiosk status: timeout of 5000ms exceeded","service":"kiosk-backend","timestamp":"2025-12-16 18:49:05"}
{"level":"error","message":"❌ Error sending kiosk status: timeout of 5000ms exceeded","service":"kiosk-backend","timestamp":"2025-12-16 18:49:15"}
{"level":"error","message":"❌ Error sending kiosk status: timeout of 5000ms exceeded","service":"kiosk-backend","timestamp":"2025-12-16 18:49:36"}
{"level":"error","message":"❌ Error sending kiosk status: timeout of 5000ms exceeded","service":"kiosk-backend","timestamp":"2025-12-16 18:49:46"}
{"level":"error","message":"❌ Error sending kiosk status: timeout of 5000ms exceeded","service":"kiosk-backend","timestamp":"2025-12-16 18:50:07"}
{"level":"error","message":"❌ Error sending kiosk status: timeout of 5000ms exceeded","service":"kiosk-backend","timestamp":"2025-12-16 18:50:18"}
{"level":"error","message":"❌ Error sending kiosk status: timeout of 5000ms exceeded","service":"kiosk-backend","timestamp":"2025-12-16 18:50:34"}
{"level":"error","message":"❌ Error sending kiosk status: timeout of 5000ms exceeded","service":"kiosk-backend","timestamp":"2025-12-16 18:50:54"}
{"level":"error","message":"❌ Error sending kiosk status: timeout of 5000ms exceeded","service":"kiosk-backend","timestamp":"2025-12-16 18:51:05"}
{"level":"error","message":"❌ Error sending kiosk status: timeout of 5000ms exceeded","service":"kiosk-backend","timestamp":"2025-12-16 18:51:27"}
{"level":"error","message":"❌ Error sending kiosk status: timeout of 5000ms exceeded","service":"kiosk-backend","timestamp":"2025-12-16 18:51:37"}
{"level":"error","message":"❌ Error sending kiosk status: timeout of 5000ms exceeded","service":"kiosk-backend","timestamp":"2025-12-16 18:51:59"}
{"level":"error","message":"❌ Error sending kiosk status: timeout of 5000ms exceeded","service":"kiosk-backend","timestamp":"2025-12-16 18:52:09"}
{"level":"error","message":"❌ Error sending kiosk status: timeout of 5000ms exceeded","service":"kiosk-backend","timestamp":"2025-12-16 18:52:37"}
{"level":"error","message":"❌ Error sending kiosk status: timeout of 5000ms exceeded","service":"kiosk-backend","timestamp":"2025-12-16 18:52:48"}
{"level":"error","message":"❌ Error sending kiosk status: timeout of 5000ms exceeded","service":"kiosk-backend","timestamp":"2025-12-16 18:52:58"}
{"level":"error","message":"❌ Error sending kiosk status: timeout of 5000ms exceeded","service":"kiosk-backend","timestamp":"2025-12-16 18:53:21"}
{"level":"error","message":"❌ Error sending kiosk status: timeout of 5000ms exceeded","service":"kiosk-backend","timestamp":"2025-12-16 18:53:32"}
{"level":"error","message":"❌ Error sending kiosk status: timeout of 5000ms exceeded","service":"kiosk-backend","timestamp":"2025-12-16 18:53:54"}
{"level":"error","message":"❌ Error sending kiosk status: timeout of 5000ms exceeded","service":"kiosk-backend","timestamp":"2025-12-16 18:54:08"}
{"level":"error","message":"❌ Error sending kiosk status: timeout of 5000ms exceeded","service":"kiosk-backend","timestamp":"2025-12-16 18:54:23"}
{"level":"error","message":"❌ Error sending kiosk status: timeout of 5000ms exceeded","service":"kiosk-backend","timestamp":"2025-12-16 18:54:39"}
{"level":"error","message":"❌ Error sending kiosk status: timeout of 5000ms exceeded","service":"kiosk-backend","timestamp":"2025-12-16 18:54:51"}
{"level":"error","message":"❌ Error sending kiosk status: timeout of 5000ms exceeded","service":"kiosk-backend","timestamp":"2025-12-16 18:55:13"}
{"level":"error","message":"❌ Error sending kiosk status: timeout of 5000ms exceeded","service":"kiosk-backend","timestamp":"2025-12-16 18:55:23"}
{"level":"error","message":"❌ Error sending kiosk status: timeout of 5000ms exceeded","service":"kiosk-backend","timestamp":"2025-12-16 18:55:44"}
{"level":"error","message":"❌ Error sending kiosk status: timeout of 5000ms exceeded","service":"kiosk-backend","timestamp":"2025-12-16 18:56:00"}
{"level":"error","message":"❌ Error sending kiosk status: timeout of 5000ms exceeded","service":"kiosk-backend","timestamp":"2025-12-16 18:56:10"}
{"level":"error","message":"❌ Error sending kiosk status: timeout of 5000ms exceeded","service":"kiosk-backend","timestamp":"2025-12-16 18:56:30"}
{"level":"error","message":"❌ Error sending kiosk status: timeout of 5000ms exceeded","service":"kiosk-backend","timestamp":"2025-12-16 18:56:35"}
{"level":"error","message":"❌ Error sending kiosk status: timeout of 5000ms exceeded","service":"kiosk-backend","timestamp":"2025-12-16 18:57:00"}
{"level":"error","message":"❌ Error sending kiosk status: timeout of 5000ms exceeded","service":"kiosk-backend","timestamp":"2025-12-16 18:57:15"}
{"level":"error","message":"❌ Error sending kiosk status: timeout of 5000ms exceeded","service":"kiosk-backend","timestamp":"2025-12-16 18:57:28"}
{"level":"error","message":"❌ Error sending kiosk status: timeout of 5000ms exceeded","service":"kiosk-backend","timestamp":"2025-12-16 18:57:48"}
{"level":"error","message":"❌ Error sending kiosk status: timeout of 5000ms exceeded","service":"kiosk-backend","timestamp":"2025-12-16 18:58:03"}
{"level":"error","message":"❌ Error sending kiosk status: timeout of 5000ms exceeded","service":"kiosk-backend","timestamp":"2025-12-16 18:58:17"}
{"level":"error","message":"❌ Error sending kiosk status: timeout of 5000ms exceeded","service":"kiosk-backend","timestamp":"2025-12-16 18:58:27"}
{"level":"error","message":"❌ Error sending kiosk status: timeout of 5000ms exceeded","service":"kiosk-backend","timestamp":"2025-12-16 18:58:47"}
{"level":"error","message":"❌ Error sending kiosk status: timeout of 5000ms exceeded","service":"kiosk-backend","timestamp":"2025-12-16 18:59:01"}
{"level":"error","message":"❌ Error sending kiosk status: timeout of 5000ms exceeded","service":"kiosk-backend","timestamp":"2025-12-16 18:59:17"}
{"level":"error","message":"❌ Error sending kiosk status: timeout of 5000ms exceeded","service":"kiosk-backend","timestamp":"2025-12-16 18:59:22"}
{"level":"error","message":"❌ Error sending kiosk status: timeout of 5000ms exceeded","service":"kiosk-backend","timestamp":"2025-12-16 18:59:49"}
{"level":"error","message":"❌ Error sending kiosk status: timeout of 5000ms exceeded","service":"kiosk-backend","timestamp":"2025-12-16 19:00:10"}
{"level":"error","message":"❌ Error sending kiosk status: timeout of 5000ms exceeded","service":"kiosk-backend","timestamp":"2025-12-16 19:00:19"}
{"level":"error","message":"❌ Error sending kiosk status: timeout of 5000ms exceeded","service":"kiosk-backend","timestamp":"2025-12-16 19:00:41"}
{"level":"error","message":"❌ Error sending kiosk status: timeout of 5000ms exceeded","service":"kiosk-backend","timestamp":"2025-12-16 19:00:57"}
{"level":"error","message":"❌ Error sending kiosk status: timeout of 5000ms exceeded","service":"kiosk-backend","timestamp":"2025-12-16 19:01:07"}
{"level":"error","message":"❌ Error sending kiosk status: timeout of 5000ms exceeded","service":"kiosk-backend","timestamp":"2025-12-16 19:01:28"}
{"level":"error","message":"❌ Error sending kiosk status: timeout of 5000ms exceeded","service":"kiosk-backend","timestamp":"2025-12-16 19:01:38"}
{"level":"error","message":"❌ Error sending kiosk status: timeout of 5000ms exceeded","service":"kiosk-backend","timestamp":"2025-12-16 19:01:58"}
{"level":"error","message":"❌ Error sending kiosk status: timeout of 5000ms exceeded","service":"kiosk-backend","timestamp":"2025-12-16 19:02:08"}
{"level":"error","message":"❌ Error sending kiosk status: timeout of 5000ms exceeded","service":"kiosk-backend","timestamp":"2025-12-16 19:02:36"}
{"level":"error","message":"❌ Error sending kiosk status: timeout of 5000ms exceeded","service":"kiosk-backend","timestamp":"2025-12-16 19:03:45"}
{"level":"error","message":"❌ Error sending kiosk status: timeout of 5000ms exceeded","service":"kiosk-backend","timestamp":"2025-12-16 19:04:08"}
{"level":"error","message":"❌ Error sending kiosk status: timeout of 5000ms exceeded","service":"kiosk-backend","timestamp":"2025-12-16 19:04:19"}
{"level":"error","message":"❌ Error sending kiosk status: timeout of 5000ms exceeded","service":"kiosk-backend","timestamp":"2025-12-16 19:04:40"}
{"level":"error","message":"❌ Error sending kiosk status: timeout of 5000ms exceeded","service":"kiosk-backend","timestamp":"2025-12-16 19:04:50"}
{"level":"error","message":"❌ Error sending kiosk status: timeout of 5000ms exceeded","service":"kiosk-backend","timestamp":"2025-12-16 19:05:13"}
{"level":"error","message":"❌ Error sending kiosk status: timeout of 5000ms exceeded","service":"kiosk-backend","timestamp":"2025-12-16 19:05:23"}
{"level":"error","message":"❌ Error sending kiosk status: timeout of 5000ms exceeded","service":"kiosk-backend","timestamp":"2025-12-16 19:05:42"}
{"level":"error","message":"❌ Error sending kiosk status: timeout of 5000ms exceeded","service":"kiosk-backend","timestamp":"2025-12-16 19:05:53"}
{"level":"error","message":"❌ Error sending kiosk status: timeout of 5000ms exceeded","service":"kiosk-backend","timestamp":"2025-12-16 19:06:12"}
{"level":"error","message":"❌ Error sending kiosk status: timeout of 5000ms exceeded","service":"kiosk-backend","timestamp":"2025-12-16 19:06:27"}
{"level":"error","message":"❌ Error sending kiosk status: timeout of 5000ms exceeded","service":"kiosk-backend","timestamp":"2025-12-16 19:06:32"}
{"level":"error","message":"❌ Error sending kiosk status: timeout of 5000ms exceeded","service":"kiosk-backend","timestamp":"2025-12-16 19:06:56"}
{"level":"error","message":"❌ Error sending kiosk status: timeout of 5000ms exceeded","service":"kiosk-backend","timestamp":"2025-12-16 19:07:12"}
{"level":"error","message":"❌ Error sending kiosk status: timeout of 5000ms exceeded","service":"kiosk-backend","timestamp":"2025-12-16 19:07:29"}
{"level":"error","message":"❌ Error sending kiosk status: timeout of 5000ms exceeded","service":"kiosk-backend","timestamp":"2025-12-16 19:07:40"}
{"level":"error","message":"❌ Error sending kiosk status: timeout of 5000ms exceeded","service":"kiosk-backend","timestamp":"2025-12-16 19:08:00"}
{"level":"error","message":"❌ Error sending kiosk status: timeout of 5000ms exceeded","service":"kiosk-backend","timestamp":"2025-12-16 19:08:15"}
{"level":"error","message":"❌ Error sending kiosk status: timeout of 5000ms exceeded","service":"kiosk-backend","timestamp":"2025-12-16 19:08:33"}
{"level":"error","message":"❌ Error sending kiosk status: timeout of 5000ms exceeded","service":"kiosk-backend","timestamp":"2025-12-16 19:08:44"}
{"level":"error","message":"❌ Error sending kiosk status: timeout of 5000ms exceeded","service":"kiosk-backend","timestamp":"2025-12-16 19:09:05"}
{"level":"error","message":"❌ Error sending kiosk status: timeout of 5000ms exceeded","service":"kiosk-backend","timestamp":"2025-12-16 19:09:15"}
{"level":"error","message":"❌ Error sending kiosk status: timeout of 5000ms exceeded","service":"kiosk-backend","timestamp":"2025-12-16 19:09:37"}
{"level":"error","message":"❌ Error sending kiosk status: timeout of 5000ms exceeded","service":"kiosk-backend","timestamp":"2025-12-16 19:09:46"}
{"level":"error","message":"❌ Error sending kiosk status: timeout of 5000ms exceeded","service":"kiosk-backend","timestamp":"2025-12-16 19:10:08"}
{"level":"error","message":"❌ Error sending kiosk status: timeout of 5000ms exceeded","service":"kiosk-backend","timestamp":"2025-12-16 19:10:18"}
{"level":"error","message":"❌ Error sending kiosk status: timeout of 5000ms exceeded","service":"kiosk-backend","timestamp":"2025-12-16 19:10:38"}
{"level":"error","message":"❌ Error sending kiosk status: timeout of 5000ms exceeded","service":"kiosk-backend","timestamp":"2025-12-16 19:10:52"}
{"level":"error","message":"❌ Error sending kiosk status: timeout of 5000ms exceeded","service":"kiosk-backend","timestamp":"2025-12-16 19:11:07"}
{"level":"error","message":"❌ Error sending kiosk status: timeout of 5000ms exceeded","service":"kiosk-backend","timestamp":"2025-12-16 19:11:19"}
{"level":"error","message":"❌ Error sending kiosk status: timeout of 5000ms exceeded","service":"kiosk-backend","timestamp":"2025-12-17 10:38:00"}
{"level":"error","message":"❌ Error sending kiosk status: timeout of 5000ms exceeded","service":"kiosk-backend","timestamp":"2025-12-17 10:39:18"}
{"level":"error","message":"❌ Error sending kiosk status: timeout of 5000ms exceeded","service":"kiosk-backend","timestamp":"2025-12-17 10:40:20"}
{"level":"error","message":"❌ Error sending kiosk status: timeout of 5000ms exceeded","service":"kiosk-backend","timestamp":"2025-12-17 11:25:28"}
{"level":"error","message":"❌ Error sending kiosk status: timeout of 5000ms exceeded","service":"kiosk-backend","timestamp":"2025-12-17 11:25:30"}
{"level":"error","message":"❌ Error sending kiosk status: timeout of 5000ms exceeded","service":"kiosk-backend","timestamp":"2025-12-17 11:26:05"}
{"level":"error","message":"❌ Error sending kiosk status: timeout of 5000ms exceeded","service":"kiosk-backend","timestamp":"2025-12-17 11:26:46"}
{"level":"error","message":"❌ Error sending kiosk status: timeout of 5000ms exceeded","service":"kiosk-backend","timestamp":"2025-12-17 11:27:44"}
{"level":"error","message":"❌ Error sending kiosk status: timeout of 5000ms exceeded","service":"kiosk-backend","timestamp":"2025-12-17 11:28:27"}
{"level":"error","message":"❌ Error sending kiosk status: timeout of 5000ms exceeded","service":"kiosk-backend","timestamp":"2025-12-17 11:31:16"}
{"level":"error","message":"❌ Error sending kiosk status: timeout of 5000ms exceeded","service":"kiosk-backend","timestamp":"2025-12-17 11:33:10"}
{"level":"error","message":"❌ Error sending kiosk status: timeout of 5000ms exceeded","service":"kiosk-backend","timestamp":"2025-12-17 11:33:23"}
{"level":"error","message":"❌ Error sending kiosk status: timeout of 5000ms exceeded","service":"kiosk-backend","timestamp":"2025-12-17 11:33:38"}
{"level":"error","message":"❌ Error sending kiosk status: timeout of 5000ms exceeded","service":"kiosk-backend","timestamp":"2025-12-17 11:33:46"}
{"level":"error","message":"❌ Error sending kiosk status: timeout of 5000ms exceeded","service":"kiosk-backend","timestamp":"2025-12-17 11:34:01"}
{"level":"error","message":"❌ Error sending kiosk status: timeout of 5000ms exceeded","service":"kiosk-backend","timestamp":"2025-12-17 11:34:16"}
{"level":"error","message":"❌ Error sending kiosk status: timeout of 5000ms exceeded","service":"kiosk-backend","timestamp":"2025-12-17 11:34:32"}
{"level":"error","message":"❌ Error sending kiosk status: timeout of 5000ms exceeded","service":"kiosk-backend","timestamp":"2025-12-17 11:34:54"}
{"level":"error","message":"❌ Error sending kiosk status: timeout of 5000ms exceeded","service":"kiosk-backend","timestamp":"2025-12-17 11:35:25"}
{"level":"error","message":"❌ Error sending kiosk status: timeout of 5000ms exceeded","service":"kiosk-backend","timestamp":"2025-12-17 11:35:42"}
{"level":"error","message":"❌ Error sending kiosk status: timeout of 5000ms exceeded","service":"kiosk-backend","timestamp":"2025-12-17 11:36:08"}
{"level":"error","message":"❌ Error sending kiosk status: timeout of 5000ms exceeded","service":"kiosk-backend","timestamp":"2025-12-17 11:36:22"}
{"level":"error","message":"❌ Error sending kiosk status: timeout of 5000ms exceeded","service":"kiosk-backend","timestamp":"2025-12-17 11:37:20"}
{"level":"error","message":"❌ Error sending kiosk status: timeout of 5000ms exceeded","service":"kiosk-backend","timestamp":"2025-12-17 11:38:15"}
{"level":"error","message":"❌ Error sending kiosk status: timeout of 5000ms exceeded","service":"kiosk-backend","timestamp":"2025-12-17 11:38:27"}
{"level":"error","message":"❌ Error sending kiosk status: timeout of 5000ms exceeded","service":"kiosk-backend","timestamp":"2025-12-17 11:38:40"}
{"level":"error","message":"❌ Error sending kiosk status: timeout of 5000ms exceeded","service":"kiosk-backend","timestamp":"2025-12-17 11:39:57"}
{"level":"error","message":"❌ Error sending kiosk status: timeout of 5000ms exceeded","service":"kiosk-backend","timestamp":"2025-12-17 11:40:11"}
{"level":"error","message":"❌ Error sending kiosk status: timeout of 5000ms exceeded","service":"kiosk-backend","timestamp":"2025-12-17 11:50:07"}
{"level":"error","message":"❌ Error sending kiosk status: timeout of 5000ms exceeded","service":"kiosk-backend","timestamp":"2025-12-17 12:59:15"}
{"level":"error","message":"❌ Error sending kiosk status: timeout of 5000ms exceeded","service":"kiosk-backend","timestamp":"2025-12-17 12:59:25"}
{"level":"error","message":"❌ Error sending kiosk status: timeout of 5000ms exceeded","service":"kiosk-backend","timestamp":"2025-12-17 12:59:41"}
{"level":"error","message":"❌ Error sending kiosk status: timeout of 5000ms exceeded","service":"kiosk-backend","timestamp":"2025-12-17 12:59:52"}
{"level":"error","message":"❌ Error sending kiosk status: timeout of 5000ms exceeded","service":"kiosk-backend","timestamp":"2025-12-17 13:00:22"}
{"level":"error","message":"❌ Error sending kiosk status: timeout of 5000ms exceeded","service":"kiosk-backend","timestamp":"2025-12-17 13:00:34"}
{"level":"error","message":"❌ Error sending kiosk status: timeout of 5000ms exceeded","service":"kiosk-backend","timestamp":"2025-12-17 13:00:46"}
{"level":"error","message":"❌ Error sending kiosk status: timeout of 5000ms exceeded","service":"kiosk-backend","timestamp":"2025-12-17 13:00:59"}
{"level":"error","message":"❌ Error sending kiosk status: timeout of 5000ms exceeded","service":"kiosk-backend","timestamp":"2025-12-17 13:01:10"}
{"level":"error","message":"❌ Error sending kiosk status: timeout of 5000ms exceeded","service":"kiosk-backend","timestamp":"2025-12-17 13:01:27"}
{"level":"error","message":"❌ Error sending kiosk status: timeout of 5000ms exceeded","service":"kiosk-backend","timestamp":"2025-12-17 13:01:45"}
{"level":"error","message":"❌ Error sending kiosk status: timeout of 5000ms exceeded","service":"kiosk-backend","timestamp":"2025-12-17 13:01:58"}
{"level":"error","message":"❌ Error sending kiosk status: timeout of 5000ms exceeded","service":"kiosk-backend","timestamp":"2025-12-17 13:02:31"}
{"level":"error","message":"❌ Error sending kiosk status: timeout of 5000ms exceeded","service":"kiosk-backend","timestamp":"2025-12-17 13:02:42"}
{"level":"error","message":"❌ Error sending kiosk status: timeout of 5000ms exceeded","service":"kiosk-backend","timestamp":"2025-12-17 13:03:03"}
{"level":"error","message":"❌ Error sending kiosk status: timeout of 5000ms exceeded","service":"kiosk-backend","timestamp":"2025-12-17 13:03:14"}
{"level":"error","message":"❌ Error sending kiosk status: timeout of 5000ms exceeded","service":"kiosk-backend","timestamp":"2025-12-17 13:03:31"}
{"level":"error","message":"❌ Error sending kiosk status: timeout of 5000ms exceeded","service":"kiosk-backend","timestamp":"2025-12-17 13:03:43"}
{"level":"error","message":"❌ Error sending kiosk status: timeout of 5000ms exceeded","service":"kiosk-backend","timestamp":"2025-12-17 13:03:55"}
{"level":"error","message":"❌ Error sending kiosk status: timeout of 5000ms exceeded","service":"kiosk-backend","timestamp":"2025-12-17 13:04:11"}
{"level":"error","message":"❌ Error sending kiosk status: timeout of 5000ms exceeded","service":"kiosk-backend","timestamp":"2025-12-17 13:04:23"}
{"level":"error","message":"❌ Error sending kiosk status: timeout of 5000ms exceeded","service":"kiosk-backend","timestamp":"2025-12-17 13:04:35"}
{"level":"error","message":"❌ Error sending kiosk status: timeout of 5000ms exceeded","service":"kiosk-backend","timestamp":"2025-12-17 13:05:40"}
{"level":"error","message":"❌ Error sending kiosk status: timeout of 5000ms exceeded","service":"kiosk-backend","timestamp":"2025-12-17 13:05:50"}
{"level":"error","message":"❌ Error sending kiosk status: timeout of 5000ms exceeded","service":"kiosk-backend","timestamp":"2025-12-17 13:06:08"}
{"level":"error","message":"❌ Error sending kiosk status: timeout of 5000ms exceeded","service":"kiosk-backend","timestamp":"2025-12-17 13:06:20"}
{"level":"error","message":"❌ Error sending kiosk status: timeout of 5000ms exceeded","service":"kiosk-backend","timestamp":"2025-12-17 13:06:46"}
{"level":"error","message":"❌ Error sending kiosk status: timeout of 5000ms exceeded","service":"kiosk-backend","timestamp":"2025-12-17 13:06:59"}
{"level":"error","message":"❌ Error sending kiosk status: timeout of 5000ms exceeded","service":"kiosk-backend","timestamp":"2025-12-17 13:07:10"}
{"level":"error","message":"❌ Error sending kiosk status: timeout of 5000ms exceeded","service":"kiosk-backend","timestamp":"2025-12-17 13:07:27"}
{"level":"error","message":"❌ Error sending kiosk status: timeout of 5000ms exceeded","service":"kiosk-backend","timestamp":"2025-12-17 13:07:43"}
{"level":"error","message":"❌ Error sending kiosk status: timeout of 5000ms exceeded","service":"kiosk-backend","timestamp":"2025-12-17 13:07:52"}
{"level":"error","message":"❌ Error sending kiosk status: timeout of 5000ms exceeded","service":"kiosk-backend","timestamp":"2025-12-17 13:08:05"}
{"level":"error","message":"❌ Error sending kiosk status: timeout of 5000ms exceeded","service":"kiosk-backend","timestamp":"2025-12-17 13:08:18"}
{"level":"error","message":"❌ Error sending kiosk status: timeout of 5000ms exceeded","service":"kiosk-backend","timestamp":"2025-12-17 13:08:30"}
{"level":"error","message":"❌ Error sending kiosk status: timeout of 5000ms exceeded","service":"kiosk-backend","timestamp":"2025-12-17 13:08:53"}
{"level":"error","message":"❌ Error sending kiosk status: timeout of 5000ms exceeded","service":"kiosk-backend","timestamp":"2025-12-17 13:09:24"}
{"level":"error","message":"❌ Error sending kiosk status: timeout of 5000ms exceeded","service":"kiosk-backend","timestamp":"2025-12-17 13:09:33"}
{"level":"error","message":"❌ Error sending kiosk status: timeout of 5000ms exceeded","service":"kiosk-backend","timestamp":"2025-12-17 13:09:48"}
{"level":"error","message":"❌ Error sending kiosk status: timeout of 5000ms exceeded","service":"kiosk-backend","timestamp":"2025-12-17 13:10:07"}
{"level":"error","message":"❌ Error sending kiosk status: timeout of 5000ms exceeded","service":"kiosk-backend","timestamp":"2025-12-17 13:11:10"}
{"level":"error","message":"❌ Error sending kiosk status: timeout of 5000ms exceeded","service":"kiosk-backend","timestamp":"2025-12-17 13:11:18"}
{"level":"error","message":"❌ Error sending kiosk status: timeout of 5000ms exceeded","service":"kiosk-backend","timestamp":"2025-12-17 13:11:31"}
{"level":"error","message":"❌ Error sending kiosk status: timeout of 5000ms exceeded","service":"kiosk-backend","timestamp":"2025-12-17 13:11:44"}
{"level":"error","message":"❌ Error sending kiosk status: timeout of 5000ms exceeded","service":"kiosk-backend","timestamp":"2025-12-17 13:11:59"}
{"level":"error","message":"❌ Error sending kiosk status: timeout of 5000ms exceeded","service":"kiosk-backend","timestamp":"2025-12-17 13:12:09"}
{"level":"error","message":"❌ Error sending kiosk status: timeout of 5000ms exceeded","service":"kiosk-backend","timestamp":"2025-12-17 13:12:34"}
{"level":"error","message":"❌ Error sending kiosk status: timeout of 5000ms exceeded","service":"kiosk-backend","timestamp":"2025-12-17 13:13:02"}
{"level":"error","message":"❌ Error sending kiosk status: timeout of 5000ms exceeded","service":"kiosk-backend","timestamp":"2025-12-17 13:13:14"}
{"level":"error","message":"❌ Error sending kiosk status: timeout of 5000ms exceeded","service":"kiosk-backend","timestamp":"2025-12-17 13:13:43"}
{"level":"error","message":"❌ Error sending kiosk status: timeout of 5000ms exceeded","service":"kiosk-backend","timestamp":"2025-12-17 13:13:53"}
{"level":"error","message":"❌ Error sending kiosk status: timeout of 5000ms exceeded","service":"kiosk-backend","timestamp":"2025-12-17 13:14:09"}
{"level":"error","message":"❌ Error sending kiosk status: timeout of 5000ms exceeded","service":"kiosk-backend","timestamp":"2025-12-17 13:14:20"}
{"level":"error","message":"❌ Error sending kiosk status: timeout of 5000ms exceeded","service":"kiosk-backend","timestamp":"2025-12-17 13:14:33"}
{"level":"error","message":"❌ Error sending kiosk status: timeout of 5000ms exceeded","service":"kiosk-backend","timestamp":"2025-12-17 13:14:47"}
{"level":"error","message":"❌ Error sending kiosk status: timeout of 5000ms exceeded","service":"kiosk-backend","timestamp":"2025-12-17 13:15:01"}
{"level":"error","message":"❌ Error sending kiosk status: timeout of 5000ms exceeded","service":"kiosk-backend","timestamp":"2025-12-17 13:15:15"}
{"level":"error","message":"❌ Error sending kiosk status: timeout of 5000ms exceeded","service":"kiosk-backend","timestamp":"2025-12-17 13:15:31"}
{"level":"error","message":"❌ Error sending kiosk status: timeout of 5000ms exceeded","service":"kiosk-backend","timestamp":"2025-12-17 13:16:19"}
{"level":"error","message":"❌ Error sending kiosk status: timeout of 5000ms exceeded","service":"kiosk-backend","timestamp":"2025-12-17 13:16:46"}
{"level":"error","message":"❌ Error sending kiosk status: timeout of 5000ms exceeded","service":"kiosk-backend","timestamp":"2025-12-17 13:16:56"}
{"level":"error","message":"❌ Error sending kiosk status: timeout of 5000ms exceeded","service":"kiosk-backend","timestamp":"2025-12-17 13:17:10"}
{"level":"error","message":"❌ Error sending kiosk status: timeout of 5000ms exceeded","service":"kiosk-backend","timestamp":"2025-12-17 13:17:20"}
{"level":"error","message":"❌ Error sending kiosk status: timeout of 5000ms exceeded","service":"kiosk-backend","timestamp":"2025-12-17 13:17:34"}
{"level":"error","message":"❌ Error sending kiosk status: timeout of 5000ms exceeded","service":"kiosk-backend","timestamp":"2025-12-17 13:17:48"}
{"level":"error","message":"❌ Error sending kiosk status: timeout of 5000ms exceeded","service":"kiosk-backend","timestamp":"2025-12-17 13:18:00"}
{"level":"error","message":"❌ Error sending kiosk status: timeout of 5000ms exceeded","service":"kiosk-backend","timestamp":"2025-12-17 13:18:14"}
{"level":"error","message":"❌ Error sending kiosk status: timeout of 5000ms exceeded","service":"kiosk-backend","timestamp":"2025-12-17 13:18:26"}
{"level":"error","message":"❌ Error sending kiosk status: timeout of 5000ms exceeded","service":"kiosk-backend","timestamp":"2025-12-17 13:18:54"}
{"level":"error","message":"❌ Error sending kiosk status: timeout of 5000ms exceeded","service":"kiosk-backend","timestamp":"2025-12-17 13:19:04"}
{"level":"error","message":"❌ Error sending kiosk status: timeout of 5000ms exceeded","service":"kiosk-backend","timestamp":"2025-12-17 13:19:16"}
{"level":"error","message":"❌ Error sending kiosk status: timeout of 5000ms exceeded","service":"kiosk-backend","timestamp":"2025-12-17 13:19:30"}
{"level":"error","message":"❌ Error sending kiosk status: timeout of 5000ms exceeded","service":"kiosk-backend","timestamp":"2025-12-17 13:19:45"}
{"level":"error","message":"❌ Error sending kiosk status: timeout of 5000ms exceeded","service":"kiosk-backend","timestamp":"2025-12-17 13:20:11"}
{"level":"error","message":"❌ Error sending kiosk status: timeout of 5000ms exceeded","service":"kiosk-backend","timestamp":"2025-12-17 13:20:34"}
{"level":"error","message":"❌ Error sending kiosk status: timeout of 5000ms exceeded","service":"kiosk-backend","timestamp":"2025-12-17 13:20:45"}
{"level":"error","message":"❌ Error sending kiosk status: timeout of 5000ms exceeded","service":"kiosk-backend","timestamp":"2025-12-17 13:21:11"}
{"level":"error","message":"❌ Error sending kiosk status: timeout of 5000ms exceeded","service":"kiosk-backend","timestamp":"2025-12-17 13:21:39"}
{"level":"error","message":"❌ Error sending kiosk status: timeout of 5000ms exceeded","service":"kiosk-backend","timestamp":"2025-12-17 13:22:01"}
{"level":"error","message":"❌ Error sending kiosk status: timeout of 5000ms exceeded","service":"kiosk-backend","timestamp":"2025-12-17 13:22:14"}
{"level":"error","message":"❌ Error sending kiosk status: timeout of 5000ms exceeded","service":"kiosk-backend","timestamp":"2025-12-17 13:22:40"}
{"level":"error","message":"❌ Error sending kiosk status: timeout of 5000ms exceeded","service":"kiosk-backend","timestamp":"2025-12-17 13:23:09"}
{"level":"error","message":"❌ Error sending kiosk status: timeout of 5000ms exceeded","service":"kiosk-backend","timestamp":"2025-12-17 13:23:32"}
{"level":"error","message":"❌ Error sending kiosk status: timeout of 5000ms exceeded","service":"kiosk-backend","timestamp":"2025-12-17 13:23:49"}
{"level":"error","message":"❌ Error sending kiosk status: timeout of 5000ms exceeded","service":"kiosk-backend","timestamp":"2025-12-17 13:24:02"}
{"level":"error","message":"❌ Error sending kiosk status: timeout of 5000ms exceeded","service":"kiosk-backend","timestamp":"2025-12-17 13:24:16"}
{"level":"error","message":"❌ Error sending kiosk status: timeout of 5000ms exceeded","service":"kiosk-backend","timestamp":"2025-12-17 13:24:32"}
{"level":"error","message":"❌ Error sending kiosk status: timeout of 5000ms exceeded","service":"kiosk-backend","timestamp":"2025-12-17 13:24:38"}
{"level":"error","message":"❌ Error sending kiosk status: timeout of 5000ms exceeded","service":"kiosk-backend","timestamp":"2025-12-17 13:24:55"}
{"level":"error","message":"❌ Error sending kiosk status: timeout of 5000ms exceeded","service":"kiosk-backend","timestamp":"2025-12-17 13:25:09"}
{"level":"error","message":"❌ Error sending kiosk status: timeout of 5000ms exceeded","service":"kiosk-backend","timestamp":"2025-12-17 13:25:48"}
{"level":"error","message":"❌ Error sending kiosk status: timeout of 5000ms exceeded","service":"kiosk-backend","timestamp":"2025-12-17 13:26:02"}
{"level":"error","message":"❌ Error sending kiosk status: timeout of 5000ms exceeded","service":"kiosk-backend","timestamp":"2025-12-17 13:26:14"}
{"level":"error","message":"❌ Error sending kiosk status: timeout of 5000ms exceeded","service":"kiosk-backend","timestamp":"2025-12-17 13:26:27"}
{"level":"error","message":"❌ Error sending kiosk status: timeout of 5000ms exceeded","service":"kiosk-backend","timestamp":"2025-12-17 13:26:42"}
{"level":"error","message":"❌ Error sending kiosk status: timeout of 5000ms exceeded","service":"kiosk-backend","timestamp":"2025-12-17 13:27:19"}
{"level":"error","message":"❌ Error sending kiosk status: timeout of 5000ms exceeded","service":"kiosk-backend","timestamp":"2025-12-17 13:27:43"}
{"level":"error","message":"❌ Error sending kiosk status: timeout of 5000ms exceeded","service":"kiosk-backend","timestamp":"2025-12-17 13:27:55"}
{"level":"error","message":"❌ Error sending kiosk status: timeout of 5000ms exceeded","service":"kiosk-backend","timestamp":"2025-12-17 13:28:36"}
{"level":"error","message":"❌ Error sending kiosk status: timeout of 5000ms exceeded","service":"kiosk-backend","timestamp":"2025-12-17 13:28:48"}
{"level":"error","message":"❌ Error sending kiosk status: timeout of 5000ms exceeded","service":"kiosk-backend","timestamp":"2025-12-17 13:29:03"}
{"level":"error","message":"❌ Error sending kiosk status: timeout of 5000ms exceeded","service":"kiosk-backend","timestamp":"2025-12-17 13:29:19"}
{"level":"error","message":"❌ Error sending kiosk status: timeout of 5000ms exceeded","service":"kiosk-backend","timestamp":"2025-12-17 13:29:42"}
{"level":"error","message":"❌ Error sending kiosk status: timeout of 5000ms exceeded","service":"kiosk-backend","timestamp":"2025-12-17 13:29:59"}
{"level":"error","message":"❌ Error sending kiosk status: timeout of 5000ms exceeded","service":"kiosk-backend","timestamp":"2025-12-17 13:30:33"}
{"level":"error","message":"❌ Error sending kiosk status: timeout of 5000ms exceeded","service":"kiosk-backend","timestamp":"2025-12-17 13:30:45"}
{"level":"error","message":"❌ Error sending kiosk status: timeout of 5000ms exceeded","service":"kiosk-backend","timestamp":"2025-12-17 13:31:03"}
{"level":"error","message":"❌ Error sending kiosk status: timeout of 5000ms exceeded","service":"kiosk-backend","timestamp":"2025-12-17 13:31:29"}
{"level":"error","message":"❌ Error sending kiosk status: timeout of 5000ms exceeded","service":"kiosk-backend","timestamp":"2025-12-17 13:31:53"}
{"level":"error","message":"❌ Error sending kiosk status: timeout of 5000ms exceeded","service":"kiosk-backend","timestamp":"2025-12-17 13:32:03"}
{"level":"error","message":"❌ Error sending kiosk status: timeout of 5000ms exceeded","service":"kiosk-backend","timestamp":"2025-12-17 13:32:20"}
{"level":"error","message":"❌ Error sending kiosk status: timeout of 5000ms exceeded","service":"kiosk-backend","timestamp":"2025-12-17 13:32:48"}
{"level":"error","message":"❌ Error sending kiosk status: timeout of 5000ms exceeded","service":"kiosk-backend","timestamp":"2025-12-17 13:32:59"}
{"level":"error","message":"❌ Error sending kiosk status: timeout of 5000ms exceeded","service":"kiosk-backend","timestamp":"2025-12-17 13:33:12"}
{"level":"error","message":"❌ Error sending kiosk status: timeout of 5000ms exceeded","service":"kiosk-backend","timestamp":"2025-12-17 13:33:40"}
{"level":"error","message":"❌ Error sending kiosk status: timeout of 5000ms exceeded","service":"kiosk-backend","timestamp":"2025-12-17 14:17:48"}
{"level":"error","message":"❌ Error sending kiosk status: timeout of 5000ms exceeded","service":"kiosk-backend","timestamp":"2025-12-17 14:18:03"}
{"level":"error","message":"❌ Error sending kiosk status: timeout of 5000ms exceeded","service":"kiosk-backend","timestamp":"2025-12-17 14:18:12"}
{"level":"error","message":"❌ Error sending kiosk status: timeout of 5000ms exceeded","service":"kiosk-backend","timestamp":"2025-12-17 14:18:51"}
{"level":"error","message":"❌ Error sending kiosk status: timeout of 5000ms exceeded","service":"kiosk-backend","timestamp":"2025-12-17 14:19:07"}
{"level":"error","message":"❌ Error sending kiosk status: timeout of 5000ms exceeded","service":"kiosk-backend","timestamp":"2025-12-17 14:19:21"}
{"level":"error","message":"❌ Error sending kiosk status: timeout of 5000ms exceeded","service":"kiosk-backend","timestamp":"2025-12-17 14:19:36"}
{"level":"error","message":"❌ Error sending kiosk status: timeout of 5000ms exceeded","service":"kiosk-backend","timestamp":"2025-12-17 14:19:55"}
{"level":"error","message":"❌ Error sending kiosk status: timeout of 5000ms exceeded","service":"kiosk-backend","timestamp":"2025-12-17 14:20:09"}
{"level":"error","message":"❌ Error sending kiosk status: timeout of 5000ms exceeded","service":"kiosk-backend","timestamp":"2025-12-17 14:20:24"}
{"level":"error","message":"❌ Error sending kiosk status: timeout of 5000ms exceeded","service":"kiosk-backend","timestamp":"2025-12-17 14:20:39"}
{"level":"error","message":"❌ Error sending kiosk status: timeout of 5000ms exceeded","service":"kiosk-backend","timestamp":"2025-12-17 14:20:54"}
{"level":"error","message":"❌ Error sending kiosk status: timeout of 5000ms exceeded","service":"kiosk-backend","timestamp":"2025-12-17 14:21:07"}
{"level":"error","message":"❌ Error sending kiosk status: timeout of 5000ms exceeded","service":"kiosk-backend","timestamp":"2025-12-17 14:21:22"}
{"level":"error","message":"❌ Error sending kiosk status: timeout of 5000ms exceeded","service":"kiosk-backend","timestamp":"2025-12-17 14:21:54"}
{"level":"error","message":"❌ Error sending kiosk status: timeout of 5000ms exceeded","service":"kiosk-backend","timestamp":"2025-12-17 14:22:25"}
{"level":"error","message":"❌ Error sending kiosk status: timeout of 5000ms exceeded","service":"kiosk-backend","timestamp":"2025-12-17 14:22:36"}
{"level":"error","message":"❌ Error sending kiosk status: timeout of 5000ms exceeded","service":"kiosk-backend","timestamp":"2025-12-17 14:22:55"}
{"level":"error","message":"❌ Error sending kiosk status: timeout of 5000ms exceeded","service":"kiosk-backend","timestamp":"2025-12-17 14:24:19"}
{"level":"error","message":"❌ Error sending kiosk status: timeout of 5000ms exceeded","service":"kiosk-backend","timestamp":"2025-12-17 14:24:40"}
{"level":"error","message":"❌ Error sending kiosk status: timeout of 5000ms exceeded","service":"kiosk-backend","timestamp":"2025-12-17 14:24:53"}
{"level":"error","message":"❌ Error sending kiosk status: timeout of 5000ms exceeded","service":"kiosk-backend","timestamp":"2025-12-17 14:25:16"}
{"level":"error","message":"❌ Error sending kiosk status: timeout of 5000ms exceeded","service":"kiosk-backend","timestamp":"2025-12-17 14:25:27"}
{"level":"error","message":"❌ Error sending kiosk status: timeout of 5000ms exceeded","service":"kiosk-backend","timestamp":"2025-12-17 14:25:45"}
{"level":"error","message":"❌ Error sending kiosk status: timeout of 5000ms exceeded","service":"kiosk-backend","timestamp":"2025-12-17 14:25:58"}
{"level":"error","message":"❌ Error sending kiosk status: timeout of 5000ms exceeded","service":"kiosk-backend","timestamp":"2025-12-17 14:26:17"}
{"level":"error","message":"❌ Error sending kiosk status: timeout of 5000ms exceeded","service":"kiosk-backend","timestamp":"2025-12-17 14:26:30"}
{"level":"error","message":"❌ Error sending kiosk status: timeout of 5000ms exceeded","service":"kiosk-backend","timestamp":"2025-12-17 14:26:44"}
{"level":"error","message":"❌ Error sending kiosk status: timeout of 5000ms exceeded","service":"kiosk-backend","timestamp":"2025-12-17 14:26:58"}
{"level":"error","message":"❌ Error sending kiosk status: timeout of 5000ms exceeded","service":"kiosk-backend","timestamp":"2025-12-17 14:27:13"}
{"level":"error","message":"❌ Error sending kiosk status: timeout of 5000ms exceeded","service":"kiosk-backend","timestamp":"2025-12-17 14:27:31"}
{"level":"error","message":"❌ Error sending kiosk status: timeout of 5000ms exceeded","service":"kiosk-backend","timestamp":"2025-12-17 14:27:40"}
{"level":"error","message":"❌ Error sending kiosk status: timeout of 5000ms exceeded","service":"kiosk-backend","timestamp":"2025-12-17 14:27:59"}
{"level":"error","message":"❌ Error sending kiosk status: timeout of 5000ms exceeded","service":"kiosk-backend","timestamp":"2025-12-17 14:28:22"}
{"level":"error","message":"❌ Error sending kiosk status: timeout of 5000ms exceeded","service":"kiosk-backend","timestamp":"2025-12-17 14:28:29"}
{"level":"error","message":"❌ Error sending kiosk status: timeout of 5000ms exceeded","service":"kiosk-backend","timestamp":"2025-12-17 14:28:42"}
{"level":"error","message":"❌ Error sending kiosk status: timeout of 5000ms exceeded","service":"kiosk-backend","timestamp":"2025-12-17 14:28:53"}
{"level":"error","message":"❌ Error sending kiosk status: timeout of 5000ms exceeded","service":"kiosk-backend","timestamp":"2025-12-17 14:29:07"}
{"level":"error","message":"❌ Error sending kiosk status: timeout of 5000ms exceeded","service":"kiosk-backend","timestamp":"2025-12-17 14:29:22"}
{"level":"error","message":"❌ Error sending kiosk status: timeout of 5000ms exceeded","service":"kiosk-backend","timestamp":"2025-12-17 14:29:39"}
{"level":"error","message":"❌ Error sending kiosk status: timeout of 5000ms exceeded","service":"kiosk-backend","timestamp":"2025-12-17 14:29:54"}
{"level":"error","message":"❌ Error sending kiosk status: timeout of 5000ms exceeded","service":"kiosk-backend","timestamp":"2025-12-17 14:30:28"}
{"0":"T","1":"r","10":"(","100":"e","101":"n","102":"d","103":"\\","104":"d","105":"e","106":"p","107":"t","108":"h","109":"_","11":"m","110":"c","111":"a","112":"m","113":"e","114":"r","115":"a","116":"_","117":"j","118":"s","119":"o","12":"o","120":"n","121":".","122":"p","123":"y","124":"\"","125":",","126":" ","127":"l","128":"i","129":"n","13":"s","130":"e","131":" ","132":"7","133":"2","134":",","135":" ","136":"i","137":"n","138":" ","139":"<","14":"t","140":"m","141":"o","142":"d","143":"u","144":"l","145":"e","146":">","147":"\r","148":"\n","149":" ","15":" ","150":" ","151":" ","152":" ","153":"i","154":"m","155":"p","156":"o","157":"r","158":"t","159":" ","16":"r","160":"t","161":"i","162":"m","163":"e","164":";","165":" ","166":"t","167":"i","168":"m","169":"e","17":"e","170":".","171":"s","172":"l","173":"e","174":"e","175":"p","176":"(","177":"1","178":")","179":"\r","18":"c","180":"\n","181":"K","182":"e","183":"y","184":"b","185":"o","186":"a","187":"r","188":"d","189":"I","19":"e","190":"n","191":"t","192":"e","193":"r","194":"r","195":"u","196":"p","197":"t","198":"\r","199":"\n","2":"a","20":"n","21":"t","22":" ","23":"c","24":"a","25":"l","26":"l","27":" ","28":"l","29":"a","3":"c","30":"s","31":"t","32":")","33":":","34":"\r","35":"\n","36":" ","37":" ","38":"F","39":"i","4":"e","40":"l","41":"e","42":" ","43":"\"","44":"C","45":":","46":"\\","47":"U","48":"s","49":"e","5":"b","50":"r","51":"s","52":"\\","53":"L","54":"E","55":"N","56":"O","57":"V","58":"O","59":"\\","6":"a","60":"D","61":"e","62":"s","63":"k","64":"t","65":"o","66":"p","67":"\\","68":"a","69":"i","7":"c","70":"r","71":"p","72":"o","73":"r","74":"t","75":"-","76":"k","77":"i","78":"o","79":"s","8":"k","80":"k","81":"-","82":"s","83":"y","84":"s","85":"t","86":"e","87":"m","88":"3","89":"\\","9":" ","90":"K","91":"i","92":"o","93":"s","94":"k","95":"_","96":"B","97":"a","98":"c","99":"k","level":"error","message":"❌ RealSense error:","service":"kiosk-backend","timestamp":"2025-12-17 15:27:43"}
{"level":"error","message":"❌ Error sending kiosk status: timeout of 5000ms exceeded","service":"kiosk-backend","timestamp":"2025-12-17 15:30:10"}
{"level":"error","message":"❌ Cannot connect to central server: http://localhost:7000","service":"kiosk-backend","timestamp":"2025-12-17 15:30:24"}
{"level":"error","message":"❌ Error sending kiosk status: timeout of 5000ms exceeded","service":"kiosk-backend","timestamp":"2025-12-17 15:30:38"}
{"level":"error","message":"❌ Error sending kiosk status: timeout of 5000ms exceeded","service":"kiosk-backend","timestamp":"2025-12-17 15:30:54"}
{"level":"error","message":"❌ Cannot connect to central server: http://localhost:7000","service":"kiosk-backend","timestamp":"2025-12-17 15:31:08"}
{"level":"error","message":"❌ Cannot connect to central server: http://localhost:7000","service":"kiosk-backend","timestamp":"2025-12-17 15:31:22"}
{"level":"error","message":"❌ Cannot connect to central server: http://localhost:7000","service":"kiosk-backend","timestamp":"2025-12-17 15:31:37"}
{"level":"error","message":"❌ Cannot connect to central server: http://localhost:7000","service":"kiosk-backend","timestamp":"2025-12-17 15:31:53"}
{"level":"error","message":"❌ Cannot connect to central server: http://localhost:7000","service":"kiosk-backend","timestamp":"2025-12-17 15:32:04"}
{"level":"error","message":"❌ Error sending kiosk status: timeout of 5000ms exceeded","service":"kiosk-backend","timestamp":"2025-12-17 15:32:28"}
{"level":"error","message":"❌ Cannot connect to central server: http://localhost:7000","service":"kiosk-backend","timestamp":"2025-12-17 15:32:30"}
{"level":"error","message":"❌ Cannot connect to central server: http://localhost:7000","service":"kiosk-backend","timestamp":"2025-12-17 15:32:49"}
{"level":"error","message":"❌ Cannot connect to central server: http://localhost:7000","service":"kiosk-backend","timestamp":"2025-12-17 15:33:03"}
{"level":"error","message":"❌ Cannot connect to central server: http://localhost:7000","service":"kiosk-backend","timestamp":"2025-12-17 15:33:20"}
{"level":"error","message":"❌ Cannot connect to central server: http://localhost:7000","service":"kiosk-backend","timestamp":"2025-12-17 15:33:36"}
{"level":"error","message":"❌ Cannot connect to central server: http://localhost:7000","service":"kiosk-backend","timestamp":"2025-12-17 15:33:49"}
{"0":"T","1":"r","10":"(","100":"e","101":"n","102":"d","103":"\\","104":"d","105":"e","106":"p","107":"t","108":"h","109":"_","11":"m","110":"c","111":"a","112":"m","113":"e","114":"r","115":"a","116":"_","117":"j","118":"s","119":"o","12":"o","120":"n","121":".","122":"p","123":"y","124":"\"","125":",","126":" ","127":"l","128":"i","129":"n","13":"s","130":"e","131":" ","132":"7","133":"2","134":",","135":" ","136":"i","137":"n","138":" ","139":"<","14":"t","140":"m","141":"o","142":"d","143":"u","144":"l","145":"e","146":">","147":"\r","148":"\n","149":" ","15":" ","150":" ","151":" ","152":" ","153":"i","154":"m","155":"p","156":"o","157":"r","158":"t","159":" ","16":"r","160":"t","161":"i","162":"m","163":"e","164":";","165":" ","166":"t","167":"i","168":"m","169":"e","17":"e","170":".","171":"s","172":"l","173":"e","174":"e","175":"p","176":"(","177":"1","178":")","179":"\r","18":"c","180":"\n","181":"K","182":"e","183":"y","184":"b","185":"o","186":"a","187":"r","188":"d","189":"I","19":"e","190":"n","191":"t","192":"e","193":"r","194":"r","195":"u","196":"p","197":"t","198":"\r","199":"\n","2":"a","20":"n","21":"t","22":" ","23":"c","24":"a","25":"l","26":"l","27":" ","28":"l","29":"a","3":"c","30":"s","31":"t","32":")","33":":","34":"\r","35":"\n","36":" ","37":" ","38":"F","39":"i","4":"e","40":"l","41":"e","42":" ","43":"\"","44":"C","45":":","46":"\\","47":"U","48":"s","49":"e","5":"b","50":"r","51":"s","52":"\\","53":"L","54":"E","55":"N","56":"O","57":"V","58":"O","59":"\\","6":"a","60":"D","61":"e","62":"s","63":"k","64":"t","65":"o","66":"p","67":"\\","68":"a","69":"i","7":"c","70":"r","71":"p","72":"o","73":"r","74":"t","75":"-","76":"k","77":"i","78":"o","79":"s","8":"k","80":"k","81":"-","82":"s","83":"y","84":"s","85":"t","86":"e","87":"m","88":"3","89":"\\","9":" ","90":"K","91":"i","92":"o","93":"s","94":"k","95":"_","96":"B","97":"a","98":"c","99":"k","level":"error","message":"❌ Python error (depth camera):","service":"kiosk-backend","timestamp":"2025-12-17 15:33:59"}
{"level":"error","message":"❌ Cannot connect to central server: http://localhost:7000","service":"kiosk-backend","timestamp":"2025-12-17 15:34:07"}
{"level":"error","message":"❌ Cannot connect to central server: http://localhost:7000","service":"kiosk-backend","timestamp":"2025-12-17 15:34:13"}
{"level":"error","message":"❌ Error sending kiosk status: timeout of 5000ms exceeded","service":"kiosk-backend","timestamp":"2025-12-17 15:34:13"}
{"level":"error","message":"❌ Error sending kiosk status: timeout of 5000ms exceeded","service":"kiosk-backend","timestamp":"2025-12-17 15:34:13"}
{"level":"error","message":"❌ Cannot connect to central server: http://localhost:7000","service":"kiosk-backend","timestamp":"2025-12-17 15:34:48"}
{"level":"error","message":"❌ Cannot connect to central server: http://localhost:7000","service":"kiosk-backend","timestamp":"2025-12-17 15:34:58"}
{"level":"error","message":"❌ Cannot connect to central server: http://localhost:7000","service":"kiosk-backend","timestamp":"2025-12-17 15:35:07"}
{"level":"error","message":"❌ Error sending kiosk status: timeout of 5000ms exceeded","service":"kiosk-backend","timestamp":"2025-12-17 15:35:49"}
{"level":"error","message":"❌ Cannot connect to central server: http://localhost:7000","service":"kiosk-backend","timestamp":"2025-12-17 15:35:51"}
{"level":"error","message":"❌ Cannot connect to central server: http://localhost:7000","service":"kiosk-backend","timestamp":"2025-12-17 15:49:03"}
{"level":"error","message":"❌ Cannot connect to central server: http://localhost:7000","service":"kiosk-backend","timestamp":"2025-12-17 15:49:13"}
{"level":"error","message":"❌ Cannot connect to central server: http://localhost:7000","service":"kiosk-backend","timestamp":"2025-12-17 15:49:23"}
{"level":"error","message":"❌ Cannot connect to central server: http://localhost:7000","service":"kiosk-backend","timestamp":"2025-12-17 15:49:34"}
{"level":"error","message":"❌ Error sending kiosk status: timeout of 5000ms exceeded","service":"kiosk-backend","timestamp":"2025-12-17 15:50:08"}
{"level":"error","message":"❌ Error sending kiosk status: timeout of 5000ms exceeded","service":"kiosk-backend","timestamp":"2025-12-17 15:50:29"}
{"level":"error","message":"❌ Error sending kiosk status: timeout of 5000ms exceeded","service":"kiosk-backend","timestamp":"2025-12-17 15:50:44"}
{"level":"error","message":"❌ Error sending kiosk status: timeout of 5000ms exceeded","service":"kiosk-backend","timestamp":"2025-12-17 15:51:00"}
{"level":"error","message":"❌ Error sending kiosk status: timeout of 5000ms exceeded","service":"kiosk-backend","timestamp":"2025-12-17 15:51:24"}
{"level":"error","message":"❌ Error sending kiosk status: timeout of 5000ms exceeded","service":"kiosk-backend","timestamp":"2025-12-17 15:51:38"}
{"level":"error","message":"❌ Error sending kiosk status: timeout of 5000ms exceeded","service":"kiosk-backend","timestamp":"2025-12-19 17:05:02"}
{"level":"error","message":"❌ Error sending kiosk status: timeout of 5000ms exceeded","service":"kiosk-backend","timestamp":"2025-12-19 17:05:14"}
{"level":"error","message":"❌ Error sending kiosk status: timeout of 5000ms exceeded","service":"kiosk-backend","timestamp":"2025-12-19 17:05:47"}
{"level":"error","message":"❌ Error sending kiosk status: timeout of 5000ms exceeded","service":"kiosk-backend","timestamp":"2025-12-19 17:05:58"}
{"level":"error","message":"❌ Error sending kiosk status: timeout of 5000ms exceeded","service":"kiosk-backend","timestamp":"2025-12-19 17:06:07"}
{"level":"error","message":"❌ Error sending kiosk status: timeout of 5000ms exceeded","service":"kiosk-backend","timestamp":"2025-12-19 17:06:18"}
{"level":"error","message":"❌ Error sending kiosk status: timeout of 5000ms exceeded","service":"kiosk-backend","timestamp":"2025-12-19 17:06:32"}
{"level":"error","message":"❌ Error sending kiosk status: timeout of 5000ms exceeded","service":"kiosk-backend","timestamp":"2025-12-19 17:07:21"}
{"level":"error","message":"❌ Error sending kiosk status: timeout of 5000ms exceeded","service":"kiosk-backend","timestamp":"2025-12-19 17:08:02"}
{"level":"error","message":"❌ Error sending kiosk status: timeout of 5000ms exceeded","service":"kiosk-backend","timestamp":"2025-12-19 17:08:42"}
{"level":"error","message":"❌ Error sending kiosk status: timeout of 5000ms exceeded","service":"kiosk-backend","timestamp":"2025-12-19 17:08:53"}
{"level":"error","message":"❌ Error sending kiosk status: timeout of 5000ms exceeded","service":"kiosk-backend","timestamp":"2025-12-19 17:09:08"}
{"level":"error","message":"❌ Error sending kiosk status: timeout of 5000ms exceeded","service":"kiosk-backend","timestamp":"2025-12-19 17:09:18"}
{"level":"error","message":"❌ Error sending kiosk status: timeout of 5000ms exceeded","service":"kiosk-backend","timestamp":"2025-12-19 17:10:08"}
{"level":"error","message":"❌ Error sending kiosk status: timeout of 5000ms exceeded","service":"kiosk-backend","timestamp":"2025-12-19 17:10:21"}
{"level":"error","message":"❌ Error sending kiosk status: timeout of 5000ms exceeded","service":"kiosk-backend","timestamp":"2025-12-19 17:10:59"}
{"level":"error","message":"❌ Error sending kiosk status: timeout of 5000ms exceeded","service":"kiosk-backend","timestamp":"2025-12-19 17:12:20"}
{"level":"error","message":"❌ Error sending kiosk status: timeout of 5000ms exceeded","service":"kiosk-backend","timestamp":"2025-12-19 17:12:30"}
{"level":"error","message":"❌ Error sending kiosk status: timeout of 5000ms exceeded","service":"kiosk-backend","timestamp":"2025-12-19 17:12:49"}
{"level":"error","message":"❌ Error sending kiosk status: timeout of 5000ms exceeded","service":"kiosk-backend","timestamp":"2025-12-19 17:13:01"}
{"level":"error","message":"❌ Error sending kiosk status: timeout of 5000ms exceeded","service":"kiosk-backend","timestamp":"2025-12-19 17:14:43"}
{"level":"error","message":"❌ Error sending kiosk status: timeout of 5000ms exceeded","service":"kiosk-backend","timestamp":"2025-12-19 17:14:53"}
{"level":"error","message":"❌ Error sending kiosk status: timeout of 5000ms exceeded","service":"kiosk-backend","timestamp":"2025-12-19 17:15:07"}
{"level":"error","message":"❌ Error sending kiosk status: timeout of 5000ms exceeded","service":"kiosk-backend","timestamp":"2025-12-19 17:15:20"}
{"level":"error","message":"❌ Error sending kiosk status: timeout of 5000ms exceeded","service":"kiosk-backend","timestamp":"2025-12-19 17:15:33"}
{"level":"error","message":"❌ Error sending kiosk status: timeout of 5000ms exceeded","service":"kiosk-backend","timestamp":"2025-12-19 17:15:49"}
{"level":"error","message":"❌ Error sending kiosk status: timeout of 5000ms exceeded","service":"kiosk-backend","timestamp":"2025-12-19 17:16:29"}
{"level":"error","message":"❌ Error sending kiosk status: timeout of 5000ms exceeded","service":"kiosk-backend","timestamp":"2025-12-19 17:17:02"}
{"level":"error","message":"❌ Error sending kiosk status: timeout of 5000ms exceeded","service":"kiosk-backend","timestamp":"2025-12-19 17:17:17"}
{"level":"error","message":"❌ Error sending kiosk status: timeout of 5000ms exceeded","service":"kiosk-backend","timestamp":"2025-12-19 17:17:39"}
{"level":"error","message":"❌ Error sending kiosk status: timeout of 5000ms exceeded","service":"kiosk-backend","timestamp":"2025-12-19 17:17:56"}
{"level":"error","message":"❌ Error sending kiosk status: timeout of 5000ms exceeded","service":"kiosk-backend","timestamp":"2025-12-19 17:18:13"}
{"level":"error","message":"❌ Error sending kiosk status: timeout of 5000ms exceeded","service":"kiosk-backend","timestamp":"2025-12-19 17:18:25"}
{"level":"error","message":"❌ Error sending kiosk status: timeout of 5000ms exceeded","service":"kiosk-backend","timestamp":"2025-12-19 17:18:53"}
{"0":"T","1":"r","10":"(","100":"e","101":"n","102":"d","103":"\\","104":"d","105":"e","106":"p","107":"t","108":"h","109":"_","11":"m","110":"c","111":"a","112":"m","113":"e","114":"r","115":"a","116":"_","117":"j","118":"s","119":"o","12":"o","120":"n","121":".","122":"p","123":"y","124":"\"","125":",","126":" ","127":"l","128":"i","129":"n","13":"s","130":"e","131":" ","132":"7","133":"2","134":",","135":" ","136":"i","137":"n","138":" ","139":"<","14":"t","140":"m","141":"o","142":"d","143":"u","144":"l","145":"e","146":">","147":"\r","148":"\n","149":" ","15":" ","150":" ","151":" ","152":" ","153":"i","154":"m","155":"p","156":"o","157":"r","158":"t","159":" ","16":"r","160":"t","161":"i","162":"m","163":"e","164":";","165":" ","166":"t","167":"i","168":"m","169":"e","17":"e","170":".","171":"s","172":"l","173":"e","174":"e","175":"p","176":"(","177":"1","178":")","179":"\r","18":"c","180":"\n","181":"K","182":"e","183":"y","184":"b","185":"o","186":"a","187":"r","188":"d","189":"I","19":"e","190":"n","191":"t","192":"e","193":"r","194":"r","195":"u","196":"p","197":"t","198":"\r","199":"\n","2":"a","20":"n","21":"t","22":" ","23":"c","24":"a","25":"l","26":"l","27":" ","28":"l","29":"a","3":"c","30":"s","31":"t","32":")","33":":","34":"\r","35":"\n","36":" ","37":" ","38":"F","39":"i","4":"e","40":"l","41":"e","42":" ","43":"\"","44":"C","45":":","46":"\\","47":"U","48":"s","49":"e","5":"b","50":"r","51":"s","52":"\\","53":"L","54":"E","55":"N","56":"O","57":"V","58":"O","59":"\\","6":"a","60":"D","61":"e","62":"s","63":"k","64":"t","65":"o","66":"p","67":"\\","68":"a","69":"i","7":"c","70":"r","71":"p","72":"o","73":"r","74":"t","75":"-","76":"k","77":"i","78":"o","79":"s","8":"k","80":"k","81":"-","82":"s","83":"y","84":"s","85":"t","86":"e","87":"m","88":"3","89":"\\","9":" ","90":"K","91":"i","92":"o","93":"s","94":"k","95":"_","96":"B","97":"a","98":"c","99":"k","level":"error","message":"❌ Python error (depth camera):","service":"kiosk-backend","timestamp":"2025-12-19 17:18:53"}
{"level":"error","message":"❌ Error sending kiosk status: timeout of 5000ms exceeded","service":"kiosk-backend","timestamp":"2025-12-19 17:19:02"}
{"level":"error","message":"❌ Error sending kiosk status: timeout of 5000ms exceeded","service":"kiosk-backend","timestamp":"2025-12-19 17:19:08"}
{"level":"error","message":"❌ Error sending kiosk status: timeout of 5000ms exceeded","service":"kiosk-backend","timestamp":"2025-12-19 17:19:12"}
{"level":"error","message":"❌ Error sending kiosk status: timeout of 5000ms exceeded","service":"kiosk-backend","timestamp":"2025-12-19 17:19:55"}
{"level":"error","message":"❌ Error sending kiosk status: timeout of 5000ms exceeded","service":"kiosk-backend","timestamp":"2025-12-19 17:20:08"}
{"level":"error","message":"❌ Error sending kiosk status: timeout of 5000ms exceeded","service":"kiosk-backend","timestamp":"2025-12-19 17:20:34"}
{"level":"error","message":"❌ Error sending kiosk status: timeout of 5000ms exceeded","service":"kiosk-backend","timestamp":"2025-12-19 17:20:46"}
{"level":"error","message":"❌ Error sending kiosk status: timeout of 5000ms exceeded","service":"kiosk-backend","timestamp":"2025-12-19 17:20:57"}
{"level":"error","message":"❌ Error sending kiosk status: timeout of 5000ms exceeded","service":"kiosk-backend","timestamp":"2025-12-19 17:21:18"}
{"level":"error","message":"❌ Error sending kiosk status: timeout of 5000ms exceeded","service":"kiosk-backend","timestamp":"2025-12-19 17:22:04"}
{"level":"error","message":"❌ Error sending kiosk status: timeout of 5000ms exceeded","service":"kiosk-backend","timestamp":"2025-12-19 17:22:34"}
{"level":"error","message":"❌ Error sending kiosk status: timeout of 5000ms exceeded","service":"kiosk-backend","timestamp":"2025-12-19 17:22:55"}
{"level":"error","message":"❌ Error sending kiosk status: timeout of 5000ms exceeded","service":"kiosk-backend","timestamp":"2025-12-19 17:23:33"}
{"level":"error","message":"❌ Error sending kiosk status: timeout of 5000ms exceeded","service":"kiosk-backend","timestamp":"2025-12-19 17:23:47"}
{"level":"error","message":"❌ Error sending kiosk status: timeout of 5000ms exceeded","service":"kiosk-backend","timestamp":"2025-12-19 17:24:02"}
{"level":"error","message":"❌ Error sending kiosk status: timeout of 5000ms exceeded","service":"kiosk-backend","timestamp":"2025-12-19 17:24:14"}
{"level":"error","message":"❌ Error sending kiosk status: timeout of 5000ms exceeded","service":"kiosk-backend","timestamp":"2025-12-19 17:24:33"}
{"level":"error","message":"❌ Error sending kiosk status: timeout of 5000ms exceeded","service":"kiosk-backend","timestamp":"2025-12-19 17:24:44"}
{"level":"error","message":"❌ Error sending kiosk status: timeout of 5000ms exceeded","service":"kiosk-backend","timestamp":"2025-12-19 17:25:08"}
{"level":"error","message":"❌ Error sending kiosk status: timeout of 5000ms exceeded","service":"kiosk-backend","timestamp":"2025-12-19 17:25:21"}
{"level":"error","message":"❌ Error sending kiosk status: timeout of 5000ms exceeded","service":"kiosk-backend","timestamp":"2025-12-19 17:25:46"}
{"level":"error","message":"❌ Error sending kiosk status: timeout of 5000ms exceeded","service":"kiosk-backend","timestamp":"2025-12-19 17:26:14"}
{"level":"error","message":"❌ Error sending kiosk status: timeout of 5000ms exceeded","service":"kiosk-backend","timestamp":"2025-12-19 17:26:29"}
{"level":"error","message":"❌ Error sending kiosk status: timeout of 5000ms exceeded","service":"kiosk-backend","timestamp":"2025-12-19 17:26:53"}
{"level":"error","message":"❌ Error sending kiosk status: timeout of 5000ms exceeded","service":"kiosk-backend","timestamp":"2025-12-19 17:40:17"}
{"0":"T","1":"r","10":"(","100":"e","101":"n","102":"d","103":"\\","104":"d","105":"e","106":"p","107":"t","108":"h","109":"_","11":"m","110":"c","111":"a","112":"m","113":"e","114":"r","115":"a","116":"_","117":"j","118":"s","119":"o","12":"o","120":"n","121":".","122":"p","123":"y","124":"\"","125":",","126":" ","127":"l","128":"i","129":"n","13":"s","130":"e","131":" ","132":"1","133":"2","134":",","135":" ","136":"i","137":"n","138":" ","139":"<","14":"t","140":"m","141":"o","142":"d","143":"u","144":"l","145":"e","146":">","147":"\r","148":"\n","149":" ","15":" ","150":" ","151":" ","152":" ","153":"p","154":"r","155":"o","156":"f","157":"i","158":"l","159":"e","16":"r","160":" ","161":"=","162":" ","163":"p","164":"i","165":"p","166":"e","167":"l","168":"i","169":"n","17":"e","170":"e","171":".","172":"s","173":"t","174":"a","175":"r","176":"t","177":"(","178":"c","179":"o","18":"c","180":"n","181":"f","182":"i","183":"g","184":")","185":"\r","186":"\n","187":"R","188":"u","189":"n","19":"e","190":"t","191":"i","192":"m","193":"e","194":"E","195":"r","196":"r","197":"o","198":"r","199":":","2":"a","20":"n","200":" ","201":"N","202":"o","203":" ","204":"d","205":"e","206":"v","207":"i","208":"c","209":"e","21":"t","210":" ","211":"c","212":"o","213":"n","214":"n","215":"e","216":"c","217":"t","218":"e","219":"d","22":" ","220":"\r","221":"\n","222":"\r","223":"\n","224":"D","225":"u","226":"r","227":"i","228":"n","229":"g","23":"c","230":" ","231":"h","232":"a","233":"n","234":"d","235":"l","236":"i","237":"n","238":"g","239":" ","24":"a","240":"o","241":"f","242":" ","243":"t","244":"h","245":"e","246":" ","247":"a","248":"b","249":"o","25":"l","250":"v","251":"e","252":" ","253":"e","254":"x","255":"c","256":"e","257":"p","258":"t","259":"i","26":"l","260":"o","261":"n","262":",","263":" ","264":"a","265":"n","266":"o","267":"t","268":"h","269":"e","27":" ","270":"r","271":" ","272":"e","273":"x","274":"c","275":"e","276":"p","277":"t","278":"i","279":"o","28":"l","280":"n","281":" ","282":"o","283":"c","284":"c","285":"u","286":"r","287":"r","288":"e","289":"d","29":"a","290":":","291":"\r","292":"\n","293":"\r","294":"\n","295":"T","296":"r","297":"a","298":"c","299":"e","3":"c","30":"s","300":"b","301":"a","302":"c","303":"k","304":" ","305":"(","306":"m","307":"o","308":"s","309":"t","31":"t","310":" ","311":"r","312":"e","313":"c","314":"e","315":"n","316":"t","317":" ","318":"c","319":"a","32":")","320":"l","321":"l","322":" ","323":"l","324":"a","325":"s","326":"t","327":")","328":":","329":"\r","33":":","330":"\n","331":" ","332":" ","333":"F","334":"i","335":"l","336":"e","337":" ","338":"\"","339":"C","34":"\r","340":":","341":"\\","342":"U","343":"s","344":"e","345":"r","346":"s","347":"\\","348":"L","349":"E","35":"\n","350":"N","351":"O","352":"V","353":"O","354":"\\","355":"D","356":"e","357":"s","358":"k","359":"t","36":" ","360":"o","361":"p","362":"\\","363":"a","364":"i","365":"r","366":"p","367":"o","368":"r","369":"t","37":" ","370":"-","371":"k","372":"i","373":"o","374":"s","375":"k","376":"-","377":"s","378":"y","379":"s","38":"F","380":"t","381":"e","382":"m","383":"3","384":"\\","385":"K","386":"i","387":"o","388":"s","389":"k","39":"i","390":"_","391":"B","392":"a","393":"c","394":"k","395":"e","396":"n","397":"d","398":"\\","399":"d","4":"e","40":"l","400":"e","401":"p","402":"t","403":"h","404":"_","405":"c","406":"a","407":"m","408":"e","409":"r","41":"e","410":"a","411":"_","412":"j","413":"s","414":"o","415":"n","416":".","417":"p","418":"y","419":"\"","42":" ","420":",","421":" ","422":"l","423":"i","424":"n","425":"e","426":" ","427":"1","428":"2","429":",","43":"\"","430":" ","431":"i","432":"n","433":" ","434":"<","435":"m","436":"o","437":"d","438":"u","439":"l","44":"C","440":"e","441":">","442":"\r","443":"\n","444":" ","445":" ","446":" ","447":" ","448":"p","449":"r","45":":","450":"o","451":"f","452":"i","453":"l","454":"e","455":" ","456":"=","457":" ","458":"p","459":"i","46":"\\","460":"p","461":"e","462":"l","463":"i","464":"n","465":"e","466":".","467":"s","468":"t","469":"a","47":"U","470":"r","471":"t","472":"(","473":"c","474":"o","475":"n","476":"f","477":"i","478":"g","479":")","48":"s","480":"\r","481":"\n","482":"K","483":"e","484":"y","485":"b","486":"o","487":"a","488":"r","489":"d","49":"e","490":"I","491":"n","492":"t","493":"e","494":"r","495":"r","496":"u","497":"p","498":"t","499":"\r","5":"b","50":"r","500":"\n","51":"s","52":"\\","53":"L","54":"E","55":"N","56":"O","57":"V","58":"O","59":"\\","6":"a","60":"D","61":"e","62":"s","63":"k","64":"t","65":"o","66":"p","67":"\\","68":"a","69":"i","7":"c","70":"r","71":"p","72":"o","73":"r","74":"t","75":"-","76":"k","77":"i","78":"o","79":"s","8":"k","80":"k","81":"-","82":"s","83":"y","84":"s","85":"t","86":"e","87":"m","88":"3","89":"\\","9":" ","90":"K","91":"i","92":"o","93":"s","94":"k","95":"_","96":"B","97":"a","98":"c","99":"k","level":"error","message":"❌ Python error (depth camera):","service":"kiosk-backend","timestamp":"2025-12-19 17:40:17"}
{"level":"error","message":"❌ Error sending kiosk status: timeout of 5000ms exceeded","service":"kiosk-backend","timestamp":"2025-12-19 17:42:26"}
{"level":"error","message":"❌ Error sending kiosk status: timeout of 5000ms exceeded","service":"kiosk-backend","timestamp":"2025-12-19 17:42:58"}
{"level":"error","message":"❌ Error sending kiosk status: timeout of 5000ms exceeded","service":"kiosk-backend","timestamp":"2025-12-19 17:43:13"}
{"level":"error","message":"❌ Error sending kiosk status: timeout of 5000ms exceeded","service":"kiosk-backend","timestamp":"2025-12-19 17:43:23"}
{"level":"error","message":"❌ Error sending kiosk status: timeout of 5000ms exceeded","service":"kiosk-backend","timestamp":"2025-12-19 17:43:44"}
{"level":"error","message":"❌ Error sending kiosk status: timeout of 5000ms exceeded","service":"kiosk-backend","timestamp":"2025-12-19 17:43:57"}
{"level":"error","message":"❌ Error sending kiosk status: timeout of 5000ms exceeded","service":"kiosk-backend","timestamp":"2025-12-19 17:44:19"}
{"level":"error","message":"❌ Error sending kiosk status: timeout of 5000ms exceeded","service":"kiosk-backend","timestamp":"2025-12-19 17:44:28"}
{"level":"error","message":"❌ Error sending kiosk status: timeout of 5000ms exceeded","service":"kiosk-backend","timestamp":"2025-12-19 17:44:49"}
{"level":"error","message":"❌ Error sending kiosk status: timeout of 5000ms exceeded","service":"kiosk-backend","timestamp":"2025-12-19 17:45:13"}
{"level":"error","message":"❌ Error sending kiosk status: timeout of 5000ms exceeded","service":"kiosk-backend","timestamp":"2025-12-19 17:45:23"}
{"level":"error","message":"❌ Error sending kiosk status: timeout of 5000ms exceeded","service":"kiosk-backend","timestamp":"2025-12-19 17:45:46"}
{"level":"error","message":"❌ Error sending kiosk status: timeout of 5000ms exceeded","service":"kiosk-backend","timestamp":"2025-12-19 17:45:56"}
{"level":"error","message":"❌ Error sending kiosk status: timeout of 5000ms exceeded","service":"kiosk-backend","timestamp":"2025-12-19 17:46:18"}
{"level":"error","message":"❌ Error sending kiosk status: timeout of 5000ms exceeded","service":"kiosk-backend","timestamp":"2025-12-19 17:46:32"}
{"level":"error","message":"❌ Error sending kiosk status: timeout of 5000ms exceeded","service":"kiosk-backend","timestamp":"2025-12-19 17:46:50"}
{"level":"error","message":"❌ Error sending kiosk status: timeout of 5000ms exceeded","service":"kiosk-backend","timestamp":"2025-12-19 17:47:06"}
{"level":"error","message":"❌ Error sending kiosk status: timeout of 5000ms exceeded","service":"kiosk-backend","timestamp":"2025-12-19 17:47:16"}
{"level":"error","message":"❌ Error sending kiosk status: timeout of 5000ms exceeded","service":"kiosk-backend","timestamp":"2025-12-19 17:47:36"}
{"level":"error","message":"❌ Error sending kiosk status: timeout of 5000ms exceeded","service":"kiosk-backend","timestamp":"2025-12-19 17:48:06"}
{"level":"error","message":"❌ Error sending kiosk status: timeout of 5000ms exceeded","service":"kiosk-backend","timestamp":"2025-12-19 17:48:17"}
{"level":"error","message":"❌ Error sending kiosk status: timeout of 5000ms exceeded","service":"kiosk-backend","timestamp":"2025-12-19 17:48:38"}
{"level":"error","message":"❌ Error sending kiosk status: timeout of 5000ms exceeded","service":"kiosk-backend","timestamp":"2025-12-19 17:49:30"}
{"level":"error","message":"❌ Error sending kiosk status: timeout of 5000ms exceeded","service":"kiosk-backend","timestamp":"2025-12-19 17:49:36"}
{"level":"error","message":"❌ Error sending kiosk status: timeout of 5000ms exceeded","service":"kiosk-backend","timestamp":"2025-12-19 17:50:06"}
{"level":"error","message":"❌ Error sending kiosk status: timeout of 5000ms exceeded","service":"kiosk-backend","timestamp":"2025-12-19 17:50:27"}
{"level":"error","message":"❌ Error sending kiosk status: timeout of 5000ms exceeded","service":"kiosk-backend","timestamp":"2025-12-19 17:50:52"}
{"level":"error","message":"❌ Error sending kiosk status: timeout of 5000ms exceeded","service":"kiosk-backend","timestamp":"2025-12-19 17:51:25"}
{"level":"error","message":"❌ Error sending kiosk status: timeout of 5000ms exceeded","service":"kiosk-backend","timestamp":"2025-12-19 17:51:40"}
{"level":"error","message":"❌ Error sending kiosk status: timeout of 5000ms exceeded","service":"kiosk-backend","timestamp":"2025-12-19 17:52:10"}
{"level":"error","message":"❌ Error sending kiosk status: timeout of 5000ms exceeded","service":"kiosk-backend","timestamp":"2025-12-19 17:52:35"}
{"level":"error","message":"❌ Error sending kiosk status: timeout of 5000ms exceeded","service":"kiosk-backend","timestamp":"2025-12-19 17:53:00"}
{"level":"error","message":"❌ Error sending kiosk status: timeout of 5000ms exceeded","service":"kiosk-backend","timestamp":"2025-12-19 17:53:12"}
{"level":"error","message":"❌ Error sending kiosk status: timeout of 5000ms exceeded","service":"kiosk-backend","timestamp":"2025-12-19 17:54:10"}
{"level":"error","message":"❌ Error sending kiosk status: timeout of 5000ms exceeded","service":"kiosk-backend","timestamp":"2025-12-19 17:54:25"}
{"level":"error","message":"❌ Error sending kiosk status: timeout of 5000ms exceeded","service":"kiosk-backend","timestamp":"2025-12-19 17:55:02"}
{"level":"error","message":"❌ Error sending kiosk status: timeout of 5000ms exceeded","service":"kiosk-backend","timestamp":"2025-12-19 17:55:24"}
{"level":"error","message":"❌ Error sending kiosk status: timeout of 5000ms exceeded","service":"kiosk-backend","timestamp":"2025-12-19 17:55:51"}
{"level":"error","message":"❌ Error sending kiosk status: timeout of 5000ms exceeded","service":"kiosk-backend","timestamp":"2025-12-19 17:55:51"}
{"level":"error","message":"❌ Error sending kiosk status: timeout of 5000ms exceeded","service":"kiosk-backend","timestamp":"2025-12-19 17:56:22"}
{"level":"error","message":"❌ Error sending kiosk status: timeout of 5000ms exceeded","service":"kiosk-backend","timestamp":"2025-12-19 17:56:50"}
{"level":"error","message":"❌ Error sending kiosk status: timeout of 5000ms exceeded","service":"kiosk-backend","timestamp":"2025-12-19 17:57:10"}
{"level":"error","message":"❌ Error sending kiosk status: timeout of 5000ms exceeded","service":"kiosk-backend","timestamp":"2025-12-19 17:57:22"}
{"level":"error","message":"❌ Error sending kiosk status: timeout of 5000ms exceeded","service":"kiosk-backend","timestamp":"2025-12-19 17:57:44"}
{"level":"error","message":"❌ Cannot connect to central server: http://localhost:7000","service":"kiosk-backend","timestamp":"2025-12-19 17:57:51"}
{"level":"error","message":"❌ Error sending kiosk status: timeout of 5000ms exceeded","service":"kiosk-backend","timestamp":"2025-12-19 17:58:21"}
{"level":"error","message":"❌ Error sending kiosk status: timeout of 5000ms exceeded","service":"kiosk-backend","timestamp":"2025-12-19 17:58:33"}
{"level":"error","message":"❌ Error sending kiosk status: timeout of 5000ms exceeded","service":"kiosk-backend","timestamp":"2025-12-19 17:58:57"}
{"level":"error","message":"❌ Error sending kiosk status: timeout of 5000ms exceeded","service":"kiosk-backend","timestamp":"2025-12-19 17:59:37"}
{"level":"error","message":"❌ Error sending kiosk status: timeout of 5000ms exceeded","service":"kiosk-backend","timestamp":"2025-12-19 18:00:02"}
{"level":"error","message":"❌ Error sending kiosk status: timeout of 5000ms exceeded","service":"kiosk-backend","timestamp":"2025-12-19 18:00:14"}
{"level":"error","message":"❌ Error sending kiosk status: timeout of 5000ms exceeded","service":"kiosk-backend","timestamp":"2025-12-19 18:00:31"}
{"level":"error","message":"❌ Error sending kiosk status: timeout of 5000ms exceeded","service":"kiosk-backend","timestamp":"2025-12-19 18:00:55"}
{"level":"error","message":"❌ Error sending kiosk status: timeout of 5000ms exceeded","service":"kiosk-backend","timestamp":"2025-12-19 18:01:10"}
{"level":"error","message":"❌ Error sending kiosk status: timeout of 5000ms exceeded","service":"kiosk-backend","timestamp":"2025-12-19 18:01:27"}
{"level":"error","message":"❌ Error sending kiosk status: timeout of 5000ms exceeded","service":"kiosk-backend","timestamp":"2025-12-19 18:01:40"}
{"level":"error","message":"❌ Error sending kiosk status: timeout of 5000ms exceeded","service":"kiosk-backend","timestamp":"2025-12-19 18:01:46"}
{"level":"error","message":"❌ Error sending kiosk status: timeout of 5000ms exceeded","service":"kiosk-backend","timestamp":"2025-12-19 18:02:10"}
{"level":"error","message":"❌ Error sending kiosk status: timeout of 5000ms exceeded","service":"kiosk-backend","timestamp":"2025-12-19 18:02:47"}
{"level":"error","message":"❌ Error sending kiosk status: timeout of 5000ms exceeded","service":"kiosk-backend","timestamp":"2025-12-19 18:03:01"}
{"level":"error","message":"❌ Error sending kiosk status: timeout of 5000ms exceeded","service":"kiosk-backend","timestamp":"2025-12-19 18:03:16"}
{"level":"error","message":"❌ Error sending kiosk status: timeout of 5000ms exceeded","service":"kiosk-backend","timestamp":"2025-12-19 18:03:29"}
{"level":"error","message":"❌ Error sending kiosk status: timeout of 5000ms exceeded","service":"kiosk-backend","timestamp":"2025-12-19 18:03:41"}
{"level":"error","message":"❌ Error sending kiosk status: timeout of 5000ms exceeded","service":"kiosk-backend","timestamp":"2025-12-19 18:06:07"}
{"level":"error","message":"❌ Error sending kiosk status: timeout of 5000ms exceeded","service":"kiosk-backend","timestamp":"2025-12-19 18:06:19"}
{"level":"error","message":"❌ Error sending kiosk status: timeout of 5000ms exceeded","service":"kiosk-backend","timestamp":"2025-12-19 18:06:37"}
{"level":"error","message":"❌ Error sending kiosk status: timeout of 5000ms exceeded","service":"kiosk-backend","timestamp":"2025-12-19 18:06:47"}
{"level":"error","message":"❌ Error sending kiosk status: timeout of 5000ms exceeded","service":"kiosk-backend","timestamp":"2025-12-19 18:07:05"}
{"level":"error","message":"❌ Error sending kiosk status: timeout of 5000ms exceeded","service":"kiosk-backend","timestamp":"2025-12-19 18:07:19"}
{"level":"error","message":"❌ Error sending kiosk status: timeout of 5000ms exceeded","service":"kiosk-backend","timestamp":"2025-12-19 18:08:11"}
{"level":"error","message":"❌ Error sending kiosk status: timeout of 5000ms exceeded","service":"kiosk-backend","timestamp":"2025-12-19 18:08:38"}
{"level":"error","message":"❌ Error sending kiosk status: timeout of 5000ms exceeded","service":"kiosk-backend","timestamp":"2025-12-19 18:08:52"}
{"level":"error","message":"❌ Error sending kiosk status: timeout of 5000ms exceeded","service":"kiosk-backend","timestamp":"2025-12-19 18:09:03"}
{"level":"error","message":"❌ Error sending kiosk status: timeout of 5000ms exceeded","service":"kiosk-backend","timestamp":"2025-12-19 18:11:12"}
{"level":"error","message":"❌ Error sending kiosk status: timeout of 5000ms exceeded","service":"kiosk-backend","timestamp":"2025-12-19 18:12:46"}
{"level":"error","message":"❌ Error sending kiosk status: timeout of 5000ms exceeded","service":"kiosk-backend","timestamp":"2025-12-19 18:13:11"}
{"level":"error","message":"❌ Error sending kiosk status: timeout of 5000ms exceeded","service":"kiosk-backend","timestamp":"2025-12-19 18:13:23"}
{"level":"error","message":"❌ Error sending kiosk status: timeout of 5000ms exceeded","service":"kiosk-backend","timestamp":"2025-12-19 18:13:38"}
{"level":"error","message":"❌ Error sending kiosk status: timeout of 5000ms exceeded","service":"kiosk-backend","timestamp":"2025-12-19 18:14:03"}
{"level":"error","message":"❌ Error sending kiosk status: timeout of 5000ms exceeded","service":"kiosk-backend","timestamp":"2025-12-19 18:14:17"}
{"level":"error","message":"❌ Error sending kiosk status: timeout of 5000ms exceeded","service":"kiosk-backend","timestamp":"2025-12-19 18:15:28"}
{"level":"error","message":"❌ Error sending kiosk status: timeout of 5000ms exceeded","service":"kiosk-backend","timestamp":"2025-12-19 18:15:37"}
{"level":"error","message":"❌ Error sending kiosk status: timeout of 5000ms exceeded","service":"kiosk-backend","timestamp":"2025-12-19 18:18:42"}
{"level":"error","message":"❌ Error sending kiosk status: timeout of 5000ms exceeded","service":"kiosk-backend","timestamp":"2025-12-19 18:19:07"}
{"level":"error","message":"❌ Error sending kiosk status: timeout of 5000ms exceeded","service":"kiosk-backend","timestamp":"2025-12-19 18:20:55"}
{"level":"error","message":"❌ Error sending kiosk status: timeout of 5000ms exceeded","service":"kiosk-backend","timestamp":"2025-12-19 18:22:09"}
{"level":"error","message":"❌ Error sending kiosk status: timeout of 5000ms exceeded","service":"kiosk-backend","timestamp":"2025-12-19 18:22:57"}
{"level":"error","message":"❌ Error sending kiosk status: timeout of 5000ms exceeded","service":"kiosk-backend","timestamp":"2025-12-19 18:23:07"}
{"level":"error","message":"❌ Error sending kiosk status: timeout of 5000ms exceeded","service":"kiosk-backend","timestamp":"2025-12-19 18:23:20"}
{"level":"error","message":"❌ Error sending kiosk status: timeout of 5000ms exceeded","service":"kiosk-backend","timestamp":"2025-12-19 18:23:30"}
{"level":"error","message":"❌ Error sending kiosk status: timeout of 5000ms exceeded","service":"kiosk-backend","timestamp":"2025-12-19 18:23:59"}
{"level":"error","message":"❌ Error sending kiosk status: timeout of 5000ms exceeded","service":"kiosk-backend","timestamp":"2025-12-19 18:24:17"}
{"level":"error","message":"❌ Error sending kiosk status: timeout of 5000ms exceeded","service":"kiosk-backend","timestamp":"2025-12-19 18:24:34"}
{"level":"error","message":"❌ Error sending kiosk status: timeout of 5000ms exceeded","service":"kiosk-backend","timestamp":"2025-12-19 18:24:50"}
{"level":"error","message":"❌ Error sending kiosk status: timeout of 5000ms exceeded","service":"kiosk-backend","timestamp":"2025-12-19 18:24:57"}
{"level":"error","message":"❌ Error sending kiosk status: timeout of 5000ms exceeded","service":"kiosk-backend","timestamp":"2025-12-19 18:25:21"}
{"level":"error","message":"❌ Error sending kiosk status: timeout of 5000ms exceeded","service":"kiosk-backend","timestamp":"2025-12-19 18:25:34"}
{"level":"error","message":"❌ Error sending kiosk status: timeout of 5000ms exceeded","service":"kiosk-backend","timestamp":"2025-12-19 18:25:48"}
{"level":"error","message":"❌ Error sending kiosk status: timeout of 5000ms exceeded","service":"kiosk-backend","timestamp":"2025-12-19 18:26:18"}
{"level":"error","message":"❌ Error sending kiosk status: timeout of 5000ms exceeded","service":"kiosk-backend","timestamp":"2025-12-19 18:26:29"}
{"0":"T","1":"r","10":"(","100":"e","101":"n","102":"d","103":"\\","104":"d","105":"e","106":"p","107":"t","108":"h","109":"_","11":"m","110":"c","111":"a","112":"m","113":"e","114":"r","115":"a","116":"_","117":"j","118":"s","119":"o","12":"o","120":"n","121":".","122":"p","123":"y","124":"\"","125":",","126":" ","127":"l","128":"i","129":"n","13":"s","130":"e","131":" ","132":"7","133":"2","134":",","135":" ","136":"i","137":"n","138":" ","139":"<","14":"t","140":"m","141":"o","142":"d","143":"u","144":"l","145":"e","146":">","147":"\r","148":"\n","149":" ","15":" ","150":" ","151":" ","152":" ","153":"i","154":"m","155":"p","156":"o","157":"r","158":"t","159":" ","16":"r","160":"t","161":"i","162":"m","163":"e","164":";","165":" ","166":"t","167":"i","168":"m","169":"e","17":"e","170":".","171":"s","172":"l","173":"e","174":"e","175":"p","176":"(","177":"1","178":")","179":"\r","18":"c","180":"\n","181":"K","182":"e","183":"y","184":"b","185":"o","186":"a","187":"r","188":"d","189":"I","19":"e","190":"n","191":"t","192":"e","193":"r","194":"r","195":"u","196":"p","197":"t","198":"\r","199":"\n","2":"a","20":"n","21":"t","22":" ","23":"c","24":"a","25":"l","26":"l","27":" ","28":"l","29":"a","3":"c","30":"s","31":"t","32":")","33":":","34":"\r","35":"\n","36":" ","37":" ","38":"F","39":"i","4":"e","40":"l","41":"e","42":" ","43":"\"","44":"C","45":":","46":"\\","47":"U","48":"s","49":"e","5":"b","50":"r","51":"s","52":"\\","53":"L","54":"E","55":"N","56":"O","57":"V","58":"O","59":"\\","6":"a","60":"D","61":"e","62":"s","63":"k","64":"t","65":"o","66":"p","67":"\\","68":"a","69":"i","7":"c","70":"r","71":"p","72":"o","73":"r","74":"t","75":"-","76":"k","77":"i","78":"o","79":"s","8":"k","80":"k","81":"-","82":"s","83":"y","84":"s","85":"t","86":"e","87":"m","88":"3","89":"\\","9":" ","90":"K","91":"i","92":"o","93":"s","94":"k","95":"_","96":"B","97":"a","98":"c","99":"k","level":"error","message":"❌ Python error (depth camera):","service":"kiosk-backend","timestamp":"2025-12-19 18:26:39"}
{"level":"error","message":"❌ Error sending kiosk status: timeout of 5000ms exceeded","service":"kiosk-backend","timestamp":"2025-12-19 18:26:44"}
{"level":"error","message":"❌ Error sending kiosk status: timeout of 5000ms exceeded","service":"kiosk-backend","timestamp":"2025-12-19 18:26:51"}
{"level":"error","message":"❌ Error sending kiosk status: timeout of 5000ms exceeded","service":"kiosk-backend","timestamp":"2025-12-19 18:26:55"}
{"level":"error","message":"❌ Error sending kiosk status: timeout of 5000ms exceeded","service":"kiosk-backend","timestamp":"2025-12-19 18:29:10"}
{"level":"error","message":"❌ Error sending kiosk status: timeout of 5000ms exceeded","service":"kiosk-backend","timestamp":"2025-12-19 18:29:18"}
{"level":"error","message":"❌ Error sending kiosk status: timeout of 5000ms exceeded","service":"kiosk-backend","timestamp":"2025-12-19 18:29:29"}
{"0":"T","1":"r","10":"(","100":"e","101":"n","102":"d","103":"\\","104":"d","105":"e","106":"p","107":"t","108":"h","109":"_","11":"m","110":"c","111":"a","112":"m","113":"e","114":"r","115":"a","116":"_","117":"j","118":"s","119":"o","12":"o","120":"n","121":".","122":"p","123":"y","124":"\"","125":",","126":" ","127":"l","128":"i","129":"n","13":"s","130":"e","131":" ","132":"7","133":"2","134":",","135":" ","136":"i","137":"n","138":" ","139":"<","14":"t","140":"m","141":"o","142":"d","143":"u","144":"l","145":"e","146":">","147":"\r","148":"\n","149":" ","15":" ","150":" ","151":" ","152":" ","153":"i","154":"m","155":"p","156":"o","157":"r","158":"t","159":" ","16":"r","160":"t","161":"i","162":"m","163":"e","164":";","165":" ","166":"t","167":"i","168":"m","169":"e","17":"e","170":".","171":"s","172":"l","173":"e","174":"e","175":"p","176":"(","177":"1","178":")","179":"\r","18":"c","180":"\n","181":"K","182":"e","183":"y","184":"b","185":"o","186":"a","187":"r","188":"d","189":"I","19":"e","190":"n","191":"t","192":"e","193":"r","194":"r","195":"u","196":"p","197":"t","198":"\r","199":"\n","2":"a","20":"n","21":"t","22":" ","23":"c","24":"a","25":"l","26":"l","27":" ","28":"l","29":"a","3":"c","30":"s","31":"t","32":")","33":":","34":"\r","35":"\n","36":" ","37":" ","38":"F","39":"i","4":"e","40":"l","41":"e","42":" ","43":"\"","44":"C","45":":","46":"\\","47":"U","48":"s","49":"e","5":"b","50":"r","51":"s","52":"\\","53":"L","54":"E","55":"N","56":"O","57":"V","58":"O","59":"\\","6":"a","60":"D","61":"e","62":"s","63":"k","64":"t","65":"o","66":"p","67":"\\","68":"a","69":"i","7":"c","70":"r","71":"p","72":"o","73":"r","74":"t","75":"-","76":"k","77":"i","78":"o","79":"s","8":"k","80":"k","81":"-","82":"s","83":"y","84":"s","85":"t","86":"e","87":"m","88":"3","89":"\\","9":" ","90":"K","91":"i","92":"o","93":"s","94":"k","95":"_","96":"B","97":"a","98":"c","99":"k","level":"error","message":"❌ Python error (depth camera):","service":"kiosk-backend","timestamp":"2025-12-19 18:29:29"}
{"level":"error","message":"❌ Error sending kiosk status: timeout of 5000ms exceeded","service":"kiosk-backend","timestamp":"2025-12-19 18:29:39"}
{"level":"error","message":"❌ Error sending kiosk status: timeout of 5000ms exceeded","service":"kiosk-backend","timestamp":"2025-12-19 18:29:50"}
{"level":"error","message":"❌ Error sending kiosk status: timeout of 5000ms exceeded","service":"kiosk-backend","timestamp":"2025-12-19 18:41:48"}
{"level":"error","message":"❌ Error sending kiosk status: timeout of 5000ms exceeded","service":"kiosk-backend","timestamp":"2025-12-19 18:42:09"}
{"level":"error","message":"❌ Error sending kiosk status: timeout of 5000ms exceeded","service":"kiosk-backend","timestamp":"2025-12-19 18:42:19"}
{"level":"error","message":"❌ Error sending kiosk status: timeout of 5000ms exceeded","service":"kiosk-backend","timestamp":"2025-12-19 18:42:30"}
{"level":"error","message":"❌ Error sending kiosk status: timeout of 5000ms exceeded","service":"kiosk-backend","timestamp":"2025-12-19 18:44:10"}
{"level":"error","message":"❌ Cannot connect to central server: http://localhost:7000","service":"kiosk-backend","timestamp":"2025-12-19 18:52:13"}
{"level":"error","message":"❌ Error sending kiosk status: timeout of 5000ms exceeded","service":"kiosk-backend","timestamp":"2025-12-19 18:56:13"}
{"0":"T","1":"r","10":"(","100":"e","101":"n","102":"d","103":"\\","104":"d","105":"e","106":"p","107":"t","108":"h","109":"_","11":"m","110":"c","111":"a","112":"m","113":"e","114":"r","115":"a","116":"_","117":"j","118":"s","119":"o","12":"o","120":"n","121":".","122":"p","123":"y","124":"\"","125":",","126":" ","127":"l","128":"i","129":"n","13":"s","130":"e","131":" ","132":"7","133":"2","134":",","135":" ","136":"i","137":"n","138":" ","139":"<","14":"t","140":"m","141":"o","142":"d","143":"u","144":"l","145":"e","146":">","147":"\r","148":"\n","149":" ","15":" ","150":" ","151":" ","152":" ","153":"i","154":"m","155":"p","156":"o","157":"r","158":"t","159":" ","16":"r","160":"t","161":"i","162":"m","163":"e","164":";","165":" ","166":"t","167":"i","168":"m","169":"e","17":"e","170":".","171":"s","172":"l","173":"e","174":"e","175":"p","176":"(","177":"1","178":")","179":"\r","18":"c","180":"\n","181":"K","182":"e","183":"y","184":"b","185":"o","186":"a","187":"r","188":"d","189":"I","19":"e","190":"n","191":"t","192":"e","193":"r","194":"r","195":"u","196":"p","197":"t","198":"\r","199":"\n","2":"a","20":"n","21":"t","22":" ","23":"c","24":"a","25":"l","26":"l","27":" ","28":"l","29":"a","3":"c","30":"s","31":"t","32":")","33":":","34":"\r","35":"\n","36":" ","37":" ","38":"F","39":"i","4":"e","40":"l","41":"e","42":" ","43":"\"","44":"C","45":":","46":"\\","47":"U","48":"s","49":"e","5":"b","50":"r","51":"s","52":"\\","53":"L","54":"E","55":"N","56":"O","57":"V","58":"O","59":"\\","6":"a","60":"D","61":"e","62":"s","63":"k","64":"t","65":"o","66":"p","67":"\\","68":"a","69":"i","7":"c","70":"r","71":"p","72":"o","73":"r","74":"t","75":"-","76":"k","77":"i","78":"o","79":"s","8":"k","80":"k","81":"-","82":"s","83":"y","84":"s","85":"t","86":"e","87":"m","88":"3","89":"\\","9":" ","90":"K","91":"i","92":"o","93":"s","94":"k","95":"_","96":"B","97":"a","98":"c","99":"k","level":"error","message":"❌ Python error (depth camera):","service":"kiosk-backend","timestamp":"2025-12-19 18:57:29"}
{"level":"error","message":"❌ Force shutdown after timeout","service":"kiosk-backend","timestamp":"2025-12-19 18:57:45"}
{"level":"error","message":"❌ Error sending kiosk status: timeout of 5000ms exceeded","service":"kiosk-backend","timestamp":"2025-12-19 18:59:25"}
{"level":"error","message":"❌ Error sending kiosk status: timeout of 5000ms exceeded","service":"kiosk-backend","timestamp":"2025-12-19 18:59:35"}
{"level":"error","message":"❌ Error sending kiosk status: timeout of 5000ms exceeded","service":"kiosk-backend","timestamp":"2025-12-19 19:00:22"}
{"level":"error","message":"❌ Error sending kiosk status: timeout of 5000ms exceeded","service":"kiosk-backend","timestamp":"2025-12-19 19:00:36"}
{"level":"error","message":"❌ Error sending kiosk status: timeout of 5000ms exceeded","service":"kiosk-backend","timestamp":"2025-12-19 19:00:53"}
{"level":"error","message":"❌ Error sending kiosk status: timeout of 5000ms exceeded","service":"kiosk-backend","timestamp":"2025-12-19 19:01:16"}
{"level":"error","message":"❌ Error sending kiosk status: timeout of 5000ms exceeded","service":"kiosk-backend","timestamp":"2025-12-19 19:01:28"}
{"level":"error","message":"❌ Error sending kiosk status: timeout of 5000ms exceeded","service":"kiosk-backend","timestamp":"2025-12-19 19:01:48"}
{"level":"error","message":"❌ Error sending kiosk status: timeout of 5000ms exceeded","service":"kiosk-backend","timestamp":"2025-12-19 19:02:12"}
{"level":"error","message":"❌ Error sending kiosk status: timeout of 5000ms exceeded","service":"kiosk-backend","timestamp":"2025-12-19 19:02:27"}
{"level":"error","message":"❌ Error sending kiosk status: timeout of 5000ms exceeded","service":"kiosk-backend","timestamp":"2025-12-19 19:02:36"}
{"level":"error","message":"❌ Error sending kiosk status: timeout of 5000ms exceeded","service":"kiosk-backend","timestamp":"2025-12-19 19:03:10"}
{"0":"T","1":"r","10":"(","100":"e","101":"n","102":"d","103":"\\","104":"d","105":"e","106":"p","107":"t","108":"h","109":"_","11":"m","110":"c","111":"a","112":"m","113":"e","114":"r","115":"a","116":"_","117":"j","118":"s","119":"o","12":"o","120":"n","121":".","122":"p","123":"y","124":"\"","125":",","126":" ","127":"l","128":"i","129":"n","13":"s","130":"e","131":" ","132":"7","133":"2","134":",","135":" ","136":"i","137":"n","138":" ","139":"<","14":"t","140":"m","141":"o","142":"d","143":"u","144":"l","145":"e","146":">","147":"\r","148":"\n","149":" ","15":" ","150":" ","151":" ","152":" ","153":"i","154":"m","155":"p","156":"o","157":"r","158":"t","159":" ","16":"r","160":"t","161":"i","162":"m","163":"e","164":";","165":" ","166":"t","167":"i","168":"m","169":"e","17":"e","170":".","171":"s","172":"l","173":"e","174":"e","175":"p","176":"(","177":"1","178":")","179":"\r","18":"c","180":"\n","181":"K","182":"e","183":"y","184":"b","185":"o","186":"a","187":"r","188":"d","189":"I","19":"e","190":"n","191":"t","192":"e","193":"r","194":"r","195":"u","196":"p","197":"t","198":"\r","199":"\n","2":"a","20":"n","21":"t","22":" ","23":"c","24":"a","25":"l","26":"l","27":" ","28":"l","29":"a","3":"c","30":"s","31":"t","32":")","33":":","34":"\r","35":"\n","36":" ","37":" ","38":"F","39":"i","4":"e","40":"l","41":"e","42":" ","43":"\"","44":"C","45":":","46":"\\","47":"U","48":"s","49":"e","5":"b","50":"r","51":"s","52":"\\","53":"L","54":"E","55":"N","56":"O","57":"V","58":"O","59":"\\","6":"a","60":"D","61":"e","62":"s","63":"k","64":"t","65":"o","66":"p","67":"\\","68":"a","69":"i","7":"c","70":"r","71":"p","72":"o","73":"r","74":"t","75":"-","76":"k","77":"i","78":"o","79":"s","8":"k","80":"k","81":"-","82":"s","83":"y","84":"s","85":"t","86":"e","87":"m","88":"3","89":"\\","9":" ","90":"K","91":"i","92":"o","93":"s","94":"k","95":"_","96":"B","97":"a","98":"c","99":"k","level":"error","message":"❌ Python error (depth camera):","service":"kiosk-backend","timestamp":"2025-12-19 19:03:17"}
{"level":"error","message":"❌ Error sending kiosk status: timeout of 5000ms exceeded","service":"kiosk-backend","timestamp":"2025-12-19 19:03:24"}
{"level":"error","message":"❌ Error sending kiosk status: timeout of 5000ms exceeded","service":"kiosk-backend","timestamp":"2025-12-19 19:03:29"}
{"level":"error","message":"❌ Error sending kiosk status: timeout of 5000ms exceeded","service":"kiosk-backend","timestamp":"2025-12-19 19:04:37"}
{"level":"error","message":"❌ Error sending kiosk status: timeout of 5000ms exceeded","service":"kiosk-backend","timestamp":"2025-12-19 19:06:27"}
{"level":"error","message":"❌ Error sending kiosk status: timeout of 5000ms exceeded","service":"kiosk-backend","timestamp":"2025-12-19 19:06:37"}
{"level":"error","message":"❌ Cannot connect to central server: http://127.0.0.1:7000","service":"kiosk-backend","timestamp":"2025-12-22 11:30:30"}
{"level":"error","message":"❌ Cannot connect to central server: http://127.0.0.1:7000","service":"kiosk-backend","timestamp":"2025-12-22 11:30:40"}
{"level":"error","message":"❌ Cannot connect to central server: http://127.0.0.1:7000","service":"kiosk-backend","timestamp":"2025-12-22 11:30:50"}
{"level":"error","message":"❌ Cannot connect to central server: http://127.0.0.1:7000","service":"kiosk-backend","timestamp":"2025-12-22 11:31:00"}
{"level":"error","message":"❌ Cannot connect to central server: http://127.0.0.1:7000","service":"kiosk-backend","timestamp":"2025-12-22 11:31:10"}
{"level":"error","message":"❌ Cannot connect to central server: http://127.0.0.1:7000","service":"kiosk-backend","timestamp":"2025-12-22 11:31:20"}
{"level":"error","message":"❌ Cannot connect to central server: http://127.0.0.1:7000","service":"kiosk-backend","timestamp":"2025-12-22 11:31:30"}
{"level":"error","message":"❌ Cannot connect to central server: http://127.0.0.1:7000","service":"kiosk-backend","timestamp":"2025-12-22 11:31:40"}
{"level":"error","message":"❌ Cannot connect to central server: http://127.0.0.1:7000","service":"kiosk-backend","timestamp":"2025-12-22 11:31:50"}
{"level":"error","message":"❌ Cannot connect to central server: http://127.0.0.1:7000","service":"kiosk-backend","timestamp":"2025-12-22 11:32:00"}
{"0":"T","1":"r","10":"(","100":"e","101":"n","102":"d","103":"\\","104":"d","105":"e","106":"p","107":"t","108":"h","109":"_","11":"m","110":"c","111":"a","112":"m","113":"e","114":"r","115":"a","116":"_","117":"j","118":"s","119":"o","12":"o","120":"n","121":".","122":"p","123":"y","124":"\"","125":",","126":" ","127":"l","128":"i","129":"n","13":"s","130":"e","131":" ","132":"7","133":"2","134":",","135":" ","136":"i","137":"n","138":" ","139":"<","14":"t","140":"m","141":"o","142":"d","143":"u","144":"l","145":"e","146":">","147":"\r","148":"\n","15":" ","16":"r","17":"e","18":"c","19":"e","2":"a","20":"n","21":"t","22":" ","23":"c","24":"a","25":"l","26":"l","27":" ","28":"l","29":"a","3":"c","30":"s","31":"t","32":")","33":":","34":"\r","35":"\n","36":" ","37":" ","38":"F","39":"i","4":"e","40":"l","41":"e","42":" ","43":"\"","44":"C","45":":","46":"\\","47":"U","48":"s","49":"e","5":"b","50":"r","51":"s","52":"\\","53":"L","54":"E","55":"N","56":"O","57":"V","58":"O","59":"\\","6":"a","60":"D","61":"e","62":"s","63":"k","64":"t","65":"o","66":"p","67":"\\","68":"a","69":"i","7":"c","70":"r","71":"p","72":"o","73":"r","74":"t","75":"-","76":"k","77":"i","78":"o","79":"s","8":"k","80":"k","81":"-","82":"s","83":"y","84":"s","85":"t","86":"e","87":"m","88":"3","89":"\\","9":" ","90":"K","91":"i","92":"o","93":"s","94":"k","95":"_","96":"B","97":"a","98":"c","99":"k","level":"error","message":"❌ Python error (depth camera):","service":"kiosk-backend","timestamp":"2025-12-22 11:43:12"}
{"0":" ","1":" ","10":" ","11":"t","12":"i","13":"m","14":"e","15":";","16":" ","17":"t","18":"i","19":"m","2":" ","20":"e","21":".","22":"s","23":"l","24":"e","25":"e","26":"p","27":"(","28":"1","29":")","3":" ","30":"\r","31":"\n","32":"K","33":"e","34":"y","35":"b","36":"o","37":"a","38":"r","39":"d","4":"i","40":"I","41":"n","42":"t","43":"e","44":"r","45":"r","46":"u","47":"p","48":"t","49":"\r","5":"m","50":"\n","6":"p","7":"o","8":"r","9":"t","level":"error","message":"❌ Python error (depth camera):","service":"kiosk-backend","timestamp":"2025-12-22 11:43:12"}
{"level":"error","message":"❌ Force shutdown after timeout","service":"kiosk-backend","timestamp":"2025-12-22 11:43:27"}
{"0":"T","1":"r","10":"(","100":"e","101":"n","102":"d","103":"\\","104":"d","105":"e","106":"p","107":"t","108":"h","109":"_","11":"m","110":"c","111":"a","112":"m","113":"e","114":"r","115":"a","116":"_","117":"j","118":"s","119":"o","12":"o","120":"n","121":".","122":"p","123":"y","124":"\"","125":",","126":" ","127":"l","128":"i","129":"n","13":"s","130":"e","131":" ","132":"7","133":"2","134":",","135":" ","136":"i","137":"n","138":" ","139":"<","14":"t","140":"m","141":"o","142":"d","143":"u","144":"l","145":"e","146":">","147":"\r","148":"\n","149":" ","15":" ","150":" ","151":" ","152":" ","153":"i","154":"m","155":"p","156":"o","157":"r","158":"t","159":" ","16":"r","160":"t","161":"i","162":"m","163":"e","164":";","165":" ","166":"t","167":"i","168":"m","169":"e","17":"e","170":".","171":"s","172":"l","173":"e","174":"e","175":"p","176":"(","177":"1","178":")","179":"\r","18":"c","180":"\n","181":"K","182":"e","183":"y","184":"b","185":"o","186":"a","187":"r","188":"d","189":"I","19":"e","190":"n","191":"t","192":"e","193":"r","194":"r","195":"u","196":"p","197":"t","198":"\r","199":"\n","2":"a","20":"n","21":"t","22":" ","23":"c","24":"a","25":"l","26":"l","27":" ","28":"l","29":"a","3":"c","30":"s","31":"t","32":")","33":":","34":"\r","35":"\n","36":" ","37":" ","38":"F","39":"i","4":"e","40":"l","41":"e","42":" ","43":"\"","44":"C","45":":","46":"\\","47":"U","48":"s","49":"e","5":"b","50":"r","51":"s","52":"\\","53":"L","54":"E","55":"N","56":"O","57":"V","58":"O","59":"\\","6":"a","60":"D","61":"e","62":"s","63":"k","64":"t","65":"o","66":"p","67":"\\","68":"a","69":"i","7":"c","70":"r","71":"p","72":"o","73":"r","74":"t","75":"-","76":"k","77":"i","78":"o","79":"s","8":"k","80":"k","81":"-","82":"s","83":"y","84":"s","85":"t","86":"e","87":"m","88":"3","89":"\\","9":" ","90":"K","91":"i","92":"o","93":"s","94":"k","95":"_","96":"B","97":"a","98":"c","99":"k","level":"error","message":"❌ Python error (depth camera):","service":"kiosk-backend","timestamp":"2025-12-22 11:50:23"}
{"level":"error","message":"❌ Cannot connect to central server: http://127.0.0.1:7000","service":"kiosk-backend","timestamp":"2025-12-22 11:56:11"}
{"0":"T","1":"r","10":"(","100":"e","101":"n","102":"d","103":"\\","104":"d","105":"e","106":"p","107":"t","108":"h","109":"_","11":"m","110":"c","111":"a","112":"m","113":"e","114":"r","115":"a","116":"_","117":"j","118":"s","119":"o","12":"o","120":"n","121":".","122":"p","123":"y","124":"\"","125":",","126":" ","127":"l","128":"i","129":"n","13":"s","130":"e","131":" ","132":"7","133":"2","134":",","135":" ","136":"i","137":"n","138":" ","139":"<","14":"t","140":"m","141":"o","142":"d","143":"u","144":"l","145":"e","146":">","147":"\r","148":"\n","149":" ","15":" ","150":" ","151":" ","152":" ","153":"i","154":"m","155":"p","156":"o","157":"r","158":"t","159":" ","16":"r","160":"t","161":"i","162":"m","163":"e","164":";","165":" ","166":"t","167":"i","168":"m","169":"e","17":"e","170":".","171":"s","172":"l","173":"e","174":"e","175":"p","176":"(","177":"1","178":")","179":"\r","18":"c","180":"\n","181":"K","182":"e","183":"y","184":"b","185":"o","186":"a","187":"r","188":"d","189":"I","19":"e","190":"n","191":"t","192":"e","193":"r","194":"r","195":"u","196":"p","197":"t","198":"\r","199":"\n","2":"a","20":"n","21":"t","22":" ","23":"c","24":"a","25":"l","26":"l","27":" ","28":"l","29":"a","3":"c","30":"s","31":"t","32":")","33":":","34":"\r","35":"\n","36":" ","37":" ","38":"F","39":"i","4":"e","40":"l","41":"e","42":" ","43":"\"","44":"C","45":":","46":"\\","47":"U","48":"s","49":"e","5":"b","50":"r","51":"s","52":"\\","53":"L","54":"E","55":"N","56":"O","57":"V","58":"O","59":"\\","6":"a","60":"D","61":"e","62":"s","63":"k","64":"t","65":"o","66":"p","67":"\\","68":"a","69":"i","7":"c","70":"r","71":"p","72":"o","73":"r","74":"t","75":"-","76":"k","77":"i","78":"o","79":"s","8":"k","80":"k","81":"-","82":"s","83":"y","84":"s","85":"t","86":"e","87":"m","88":"3","89":"\\","9":" ","90":"K","91":"i","92":"o","93":"s","94":"k","95":"_","96":"B","97":"a","98":"c","99":"k","level":"error","message":"❌ Python error (depth camera):","service":"kiosk-backend","timestamp":"2025-12-22 11:57:25"}
{"0":"T","1":"r","10":"(","100":"e","101":"n","102":"d","103":"\\","104":"d","105":"e","106":"p","107":"t","108":"h","109":"_","11":"m","110":"c","111":"a","112":"m","113":"e","114":"r","115":"a","116":"_","117":"j","118":"s","119":"o","12":"o","120":"n","121":".","122":"p","123":"y","124":"\"","125":",","126":" ","127":"l","128":"i","129":"n","13":"s","130":"e","131":" ","132":"7","133":"2","134":",","135":" ","136":"i","137":"n","138":" ","139":"<","14":"t","140":"m","141":"o","142":"d","143":"u","144":"l","145":"e","146":">","147":"\r","148":"\n","149":" ","15":" ","150":" ","151":" ","152":" ","153":"i","154":"m","155":"p","156":"o","157":"r","158":"t","159":" ","16":"r","160":"t","161":"i","162":"m","163":"e","164":";","165":" ","166":"t","167":"i","168":"m","169":"e","17":"e","170":".","171":"s","172":"l","173":"e","174":"e","175":"p","176":"(","177":"1","178":")","179":"\r","18":"c","180":"\n","181":"K","182":"e","183":"y","184":"b","185":"o","186":"a","187":"r","188":"d","189":"I","19":"e","190":"n","191":"t","192":"e","193":"r","194":"r","195":"u","196":"p","197":"t","198":"\r","199":"\n","2":"a","20":"n","21":"t","22":" ","23":"c","24":"a","25":"l","26":"l","27":" ","28":"l","29":"a","3":"c","30":"s","31":"t","32":")","33":":","34":"\r","35":"\n","36":" ","37":" ","38":"F","39":"i","4":"e","40":"l","41":"e","42":" ","43":"\"","44":"C","45":":","46":"\\","47":"U","48":"s","49":"e","5":"b","50":"r","51":"s","52":"\\","53":"L","54":"E","55":"N","56":"O","57":"V","58":"O","59":"\\","6":"a","60":"D","61":"e","62":"s","63":"k","64":"t","65":"o","66":"p","67":"\\","68":"a","69":"i","7":"c","70":"r","71":"p","72":"o","73":"r","74":"t","75":"-","76":"k","77":"i","78":"o","79":"s","8":"k","80":"k","81":"-","82":"s","83":"y","84":"s","85":"t","86":"e","87":"m","88":"3","89":"\\","9":" ","90":"K","91":"i","92":"o","93":"s","94":"k","95":"_","96":"B","97":"a","98":"c","99":"k","level":"error","message":"❌ Python error (depth camera):","service":"kiosk-backend","timestamp":"2025-12-22 12:41:28"}
{"level":"error","message":"❌ Force shutdown after timeout","service":"kiosk-backend","timestamp":"2025-12-22 12:41:38"}
{"0":"T","1":"r","10":"(","100":"e","101":"n","102":"d","103":"\\","104":"d","105":"e","106":"p","107":"t","108":"h","109":"_","11":"m","110":"c","111":"a","112":"m","113":"e","114":"r","115":"a","116":"_","117":"j","118":"s","119":"o","12":"o","120":"n","121":".","122":"p","123":"y","124":"\"","125":",","126":" ","127":"l","128":"i","129":"n","13":"s","130":"e","131":" ","132":"7","133":"2","134":",","135":" ","136":"i","137":"n","138":" ","139":"<","14":"t","140":"m","141":"o","142":"d","143":"u","144":"l","145":"e","146":">","147":"\r","148":"\n","149":" ","15":" ","150":" ","151":" ","152":" ","153":"i","154":"m","155":"p","156":"o","157":"r","158":"t","159":" ","16":"r","160":"t","161":"i","162":"m","163":"e","164":";","165":" ","166":"t","167":"i","168":"m","169":"e","17":"e","170":".","171":"s","172":"l","173":"e","174":"e","175":"p","176":"(","177":"1","178":")","179":"\r","18":"c","180":"\n","181":"K","182":"e","183":"y","184":"b","185":"o","186":"a","187":"r","188":"d","189":"I","19":"e","190":"n","191":"t","192":"e","193":"r","194":"r","195":"u","196":"p","197":"t","198":"\r","199":"\n","2":"a","20":"n","21":"t","22":" ","23":"c","24":"a","25":"l","26":"l","27":" ","28":"l","29":"a","3":"c","30":"s","31":"t","32":")","33":":","34":"\r","35":"\n","36":" ","37":" ","38":"F","39":"i","4":"e","40":"l","41":"e","42":" ","43":"\"","44":"C","45":":","46":"\\","47":"U","48":"s","49":"e","5":"b","50":"r","51":"s","52":"\\","53":"L","54":"E","55":"N","56":"O","57":"V","58":"O","59":"\\","6":"a","60":"D","61":"e","62":"s","63":"k","64":"t","65":"o","66":"p","67":"\\","68":"a","69":"i","7":"c","70":"r","71":"p","72":"o","73":"r","74":"t","75":"-","76":"k","77":"i","78":"o","79":"s","8":"k","80":"k","81":"-","82":"s","83":"y","84":"s","85":"t","86":"e","87":"m","88":"3","89":"\\","9":" ","90":"K","91":"i","92":"o","93":"s","94":"k","95":"_","96":"B","97":"a","98":"c","99":"k","level":"error","message":"❌ Python error (depth camera):","service":"kiosk-backend","timestamp":"2025-12-22 12:43:26"}
{"level":"error","message":"❌ Force shutdown after timeout","service":"kiosk-backend","timestamp":"2025-12-22 12:43:36"}
{"0":"T","1":"r","10":"(","100":"e","101":"n","102":"d","103":"\\","104":"d","105":"e","106":"p","107":"t","108":"h","109":"_","11":"m","110":"c","111":"a","112":"m","113":"e","114":"r","115":"a","116":"_","117":"j","118":"s","119":"o","12":"o","120":"n","121":".","122":"p","123":"y","124":"\"","125":",","126":" ","127":"l","128":"i","129":"n","13":"s","130":"e","131":" ","132":"7","133":"2","134":",","135":" ","136":"i","137":"n","138":" ","139":"<","14":"t","140":"m","141":"o","142":"d","143":"u","144":"l","145":"e","146":">","147":"\r","148":"\n","149":" ","15":" ","150":" ","151":" ","152":" ","153":"i","154":"m","155":"p","156":"o","157":"r","158":"t","159":" ","16":"r","160":"t","161":"i","162":"m","163":"e","164":";","165":" ","166":"t","167":"i","168":"m","169":"e","17":"e","170":".","171":"s","172":"l","173":"e","174":"e","175":"p","176":"(","177":"1","178":")","179":"\r","18":"c","180":"\n","181":"K","182":"e","183":"y","184":"b","185":"o","186":"a","187":"r","188":"d","189":"I","19":"e","190":"n","191":"t","192":"e","193":"r","194":"r","195":"u","196":"p","197":"t","198":"\r","199":"\n","2":"a","20":"n","21":"t","22":" ","23":"c","24":"a","25":"l","26":"l","27":" ","28":"l","29":"a","3":"c","30":"s","31":"t","32":")","33":":","34":"\r","35":"\n","36":" ","37":" ","38":"F","39":"i","4":"e","40":"l","41":"e","42":" ","43":"\"","44":"C","45":":","46":"\\","47":"U","48":"s","49":"e","5":"b","50":"r","51":"s","52":"\\","53":"L","54":"E","55":"N","56":"O","57":"V","58":"O","59":"\\","6":"a","60":"D","61":"e","62":"s","63":"k","64":"t","65":"o","66":"p","67":"\\","68":"a","69":"i","7":"c","70":"r","71":"p","72":"o","73":"r","74":"t","75":"-","76":"k","77":"i","78":"o","79":"s","8":"k","80":"k","81":"-","82":"s","83":"y","84":"s","85":"t","86":"e","87":"m","88":"3","89":"\\","9":" ","90":"K","91":"i","92":"o","93":"s","94":"k","95":"_","96":"B","97":"a","98":"c","99":"k","level":"error","message":"❌ Python error (depth camera):","service":"kiosk-backend","timestamp":"2025-12-22 12:53:37"}
{"level":"error","message":"❌ Force shutdown after timeout","service":"kiosk-backend","timestamp":"2025-12-22 12:53:47"}
{"level":"error","message":"❌ Error sending kiosk status: timeout of 5000ms exceeded","service":"kiosk-backend","timestamp":"2025-12-22 12:54:41"}
{"level":"error","message":"❌ Error sending kiosk status: timeout of 5000ms exceeded","service":"kiosk-backend","timestamp":"2025-12-22 12:55:02"}
{"level":"error","message":"❌ Error sending kiosk status: timeout of 5000ms exceeded","service":"kiosk-backend","timestamp":"2025-12-22 12:55:02"}
{"level":"error","message":"❌ Error sending kiosk status: timeout of 5000ms exceeded","service":"kiosk-backend","timestamp":"2025-12-22 12:55:25"}
{"0":"T","1":"r","10":"(","100":"e","101":"n","102":"d","103":"\\","104":"d","105":"e","106":"p","107":"t","108":"h","109":"_","11":"m","110":"c","111":"a","112":"m","113":"e","114":"r","115":"a","116":"_","117":"j","118":"s","119":"o","12":"o","120":"n","121":".","122":"p","123":"y","124":"\"","125":",","126":" ","127":"l","128":"i","129":"n","13":"s","130":"e","131":" ","132":"7","133":"2","134":",","135":" ","136":"i","137":"n","138":" ","139":"<","14":"t","140":"m","141":"o","142":"d","143":"u","144":"l","145":"e","146":">","147":"\r","148":"\n","149":" ","15":" ","150":" ","151":" ","152":" ","153":"i","154":"m","155":"p","156":"o","157":"r","158":"t","159":" ","16":"r","160":"t","161":"i","162":"m","163":"e","164":";","165":" ","166":"t","167":"i","168":"m","169":"e","17":"e","170":".","171":"s","172":"l","173":"e","174":"e","175":"p","176":"(","177":"1","178":")","179":"\r","18":"c","180":"\n","181":"K","182":"e","183":"y","184":"b","185":"o","186":"a","187":"r","188":"d","189":"I","19":"e","190":"n","191":"t","192":"e","193":"r","194":"r","195":"u","196":"p","197":"t","198":"\r","199":"\n","2":"a","20":"n","21":"t","22":" ","23":"c","24":"a","25":"l","26":"l","27":" ","28":"l","29":"a","3":"c","30":"s","31":"t","32":")","33":":","34":"\r","35":"\n","36":" ","37":" ","38":"F","39":"i","4":"e","40":"l","41":"e","42":" ","43":"\"","44":"C","45":":","46":"\\","47":"U","48":"s","49":"e","5":"b","50":"r","51":"s","52":"\\","53":"L","54":"E","55":"N","56":"O","57":"V","58":"O","59":"\\","6":"a","60":"D","61":"e","62":"s","63":"k","64":"t","65":"o","66":"p","67":"\\","68":"a","69":"i","7":"c","70":"r","71":"p","72":"o","73":"r","74":"t","75":"-","76":"k","77":"i","78":"o","79":"s","8":"k","80":"k","81":"-","82":"s","83":"y","84":"s","85":"t","86":"e","87":"m","88":"3","89":"\\","9":" ","90":"K","91":"i","92":"o","93":"s","94":"k","95":"_","96":"B","97":"a","98":"c","99":"k","level":"error","message":"❌ Python error (depth camera):","service":"kiosk-backend","timestamp":"2025-12-22 12:55:34"}
{"level":"error","message":"❌ Error sending kiosk status: timeout of 5000ms exceeded","service":"kiosk-backend","timestamp":"2025-12-22 12:55:56"}
{"0":"T","1":"r","10":"(","100":"e","101":"n","102":"d","103":"\\","104":"d","105":"e","106":"p","107":"t","108":"h","109":"_","11":"m","110":"c","111":"a","112":"m","113":"e","114":"r","115":"a","116":"_","117":"j","118":"s","119":"o","12":"o","120":"n","121":".","122":"p","123":"y","124":"\"","125":",","126":" ","127":"l","128":"i","129":"n","13":"s","130":"e","131":" ","132":"7","133":"2","134":",","135":" ","136":"i","137":"n","138":" ","139":"<","14":"t","140":"m","141":"o","142":"d","143":"u","144":"l","145":"e","146":">","147":"\r","148":"\n","149":" ","15":" ","150":" ","151":" ","152":" ","153":"i","154":"m","155":"p","156":"o","157":"r","158":"t","159":" ","16":"r","160":"t","161":"i","162":"m","163":"e","164":";","165":" ","166":"t","167":"i","168":"m","169":"e","17":"e","170":".","171":"s","172":"l","173":"e","174":"e","175":"p","176":"(","177":"1","178":")","179":"\r","18":"c","180":"\n","181":"K","182":"e","183":"y","184":"b","185":"o","186":"a","187":"r","188":"d","189":"I","19":"e","190":"n","191":"t","192":"e","193":"r","194":"r","195":"u","196":"p","197":"t","198":"\r","199":"\n","2":"a","20":"n","21":"t","22":" ","23":"c","24":"a","25":"l","26":"l","27":" ","28":"l","29":"a","3":"c","30":"s","31":"t","32":")","33":":","34":"\r","35":"\n","36":" ","37":" ","38":"F","39":"i","4":"e","40":"l","41":"e","42":" ","43":"\"","44":"C","45":":","46":"\\","47":"U","48":"s","49":"e","5":"b","50":"r","51":"s","52":"\\","53":"L","54":"E","55":"N","56":"O","57":"V","58":"O","59":"\\","6":"a","60":"D","61":"e","62":"s","63":"k","64":"t","65":"o","66":"p","67":"\\","68":"a","69":"i","7":"c","70":"r","71":"p","72":"o","73":"r","74":"t","75":"-","76":"k","77":"i","78":"o","79":"s","8":"k","80":"k","81":"-","82":"s","83":"y","84":"s","85":"t","86":"e","87":"m","88":"3","89":"\\","9":" ","90":"K","91":"i","92":"o","93":"s","94":"k","95":"_","96":"B","97":"a","98":"c","99":"k","level":"error","message":"❌ Python error (depth camera):","service":"kiosk-backend","timestamp":"2025-12-22 13:00:22"}
{"level":"error","message":"❌ Force shutdown after timeout","service":"kiosk-backend","timestamp":"2025-12-22 13:00:32"}
